-- phpMyAdmin SQL Dump
-- version 4.1.14
-- http://www.phpmyadmin.net
--
-- Host: 127.0.0.1
-- Generation Time: Sep 17, 2014 at 12:08 PM
-- Server version: 5.6.17
-- PHP Version: 5.5.12

SET SQL_MODE = "NO_AUTO_VALUE_ON_ZERO";
SET time_zone = "+00:00";


/*!40101 SET @OLD_CHARACTER_SET_CLIENT=@@CHARACTER_SET_CLIENT */;
/*!40101 SET @OLD_CHARACTER_SET_RESULTS=@@CHARACTER_SET_RESULTS */;
/*!40101 SET @OLD_COLLATION_CONNECTION=@@COLLATION_CONNECTION */;
/*!40101 SET NAMES utf8 */;

--
-- Database: `railwayserver`
--

-- --------------------------------------------------------

--
-- Table structure for table `device`
--

CREATE TABLE IF NOT EXISTS `device` (
  `IMEI` char(20) NOT NULL,
  `LocationID` int(11) NOT NULL,
  PRIMARY KEY (`IMEI`),
  KEY `LocationID` (`LocationID`)
) ENGINE=MyISAM DEFAULT CHARSET=latin1;

--
-- Dumping data for table `device`
--

INSERT INTO `device` (`IMEI`, `LocationID`) VALUES
('400-12345670', 1),
('400-12345671', 2),
('400-12345672', 3),
('400-12345673', 4),
('400-12345674', 5),
('400-12345675', 6);

-- --------------------------------------------------------

--
-- Table structure for table `deviceevents`
--

CREATE TABLE IF NOT EXISTS `deviceevents` (
  `EventID` int(11) NOT NULL,
  `Event` char(50) DEFAULT NULL,
  PRIMARY KEY (`EventID`)
) ENGINE=MyISAM DEFAULT CHARSET=latin1;

--
-- Dumping data for table `deviceevents`
--

INSERT INTO `deviceevents` (`EventID`, `Event`) VALUES
(1, 'Status Change'),
(2, 'Battery Fail'),
(3, 'GPRS Fail'),
(4, 'GPS Locked');

-- --------------------------------------------------------

--
-- Table structure for table `gateupdatecache`
--

CREATE TABLE IF NOT EXISTS `gateupdatecache` (
  `GateID` int(11) NOT NULL,
  `IMEI` char(20) NOT NULL,
  `EventID` int(11) NOT NULL,
  `txTime` timestamp NOT NULL DEFAULT CURRENT_TIMESTAMP ON UPDATE CURRENT_TIMESTAMP,
  `rxTime` timestamp NOT NULL DEFAULT '0000-00-00 00:00:00',
  `flags` char(20) DEFAULT NULL,
  `GPSstatus` char(8) DEFAULT NULL,
  `GSM` char(8) DEFAULT NULL,
  PRIMARY KEY (`GateID`),
  KEY `IMEI` (`IMEI`),
  KEY `EventID` (`EventID`)
) ENGINE=MyISAM DEFAULT CHARSET=latin1;

--
-- Dumping data for table `gateupdatecache`
--

INSERT INTO `gateupdatecache` (`GateID`, `IMEI`, `EventID`, `txTime`, `rxTime`, `flags`, `GPSstatus`, `GSM`) VALUES
(1, '400-12345670', 1, '2014-07-11 15:46:33', '2014-07-11 15:46:33', '00000', '1', '1'),
(2, '400-12345671', 1, '2014-07-11 15:48:39', '2014-07-11 15:48:39', '10000', '1', '1'),
(3, '400-12345672', 1, '2014-07-14 07:40:56', '2014-07-14 07:40:56', '110', '1', '1'),
(4, '400-12345673', 1, '2014-07-14 07:40:57', '2014-07-14 07:40:57', '111', '1', '1'),
(5, '400-12345674', 1, '2014-07-14 07:40:58', '2014-07-14 07:40:58', '1000', '1', '1'),
(6, '400-12345675', 1, '2014-07-14 07:40:53', '2014-07-14 07:40:53', '11', '1', '1');

-- --------------------------------------------------------

--
-- Table structure for table `gateupdates`
--

CREATE TABLE IF NOT EXISTS `gateupdates` (
  `updateID` int(11) NOT NULL,
  `GateID` int(11) NOT NULL,
  `IMEI` char(20) NOT NULL,
  `EventID` int(11) NOT NULL,
  `txTime` timestamp NOT NULL DEFAULT CURRENT_TIMESTAMP ON UPDATE CURRENT_TIMESTAMP,
  `rxTime` timestamp NOT NULL DEFAULT '0000-00-00 00:00:00',
  `flags` char(20) DEFAULT NULL,
  `GPSstatus` char(8) DEFAULT NULL,
  `GSM` char(8) DEFAULT NULL,
  PRIMARY KEY (`updateID`),
  KEY `IMEI` (`IMEI`),
  KEY `GateID` (`GateID`),
  KEY `EventID` (`EventID`)
) ENGINE=MyISAM DEFAULT CHARSET=latin1;

--
-- Dumping data for table `gateupdates`
--

INSERT INTO `gateupdates` (`updateID`, `GateID`, `IMEI`, `EventID`, `txTime`, `rxTime`, `flags`, `GPSstatus`, `GSM`) VALUES
(1, 1, '400-12345670', 1, '2014-07-11 15:46:33', '2014-07-11 15:46:33', '00000', '1', '1'),
(2, 1, '400-12345670', 1, '2014-07-11 15:47:29', '2014-07-11 15:47:29', '00010', '1', '1'),
(3, 1, '400-12345670', 1, '2014-07-11 15:47:54', '2014-07-11 15:47:54', '00110', '1', '1'),
(4, 2, '400-12345671', 1, '2014-07-11 15:48:39', '2014-07-11 15:48:39', '10000', '1', '1'),
(1000, 5, '400-12345674', 1, '2014-07-14 07:40:58', '2014-07-14 07:40:58', '1000', '1', '1'),
(999, 4, '400-12345673', 1, '2014-07-14 07:40:57', '2014-07-14 07:40:57', '111', '1', '1'),
(998, 3, '400-12345672', 1, '2014-07-14 07:40:56', '2014-07-14 07:40:56', '110', '1', '1'),
(997, 2, '400-12345671', 1, '2014-07-14 07:40:55', '2014-07-14 07:40:55', '101', '1', '1'),
(996, 1, '400-12345670', 1, '2014-07-14 07:40:54', '2014-07-14 07:40:54', '100', '1', '1'),
(995, 6, '400-12345675', 1, '2014-07-14 07:40:53', '2014-07-14 07:40:53', '11', '1', '1'),
(994, 5, '400-12345674', 1, '2014-07-14 07:40:52', '2014-07-14 07:40:52', '10', '1', '1'),
(993, 4, '400-12345673', 1, '2014-07-14 07:40:51', '2014-07-14 07:40:51', '1', '1', '1'),
(992, 3, '400-12345672', 1, '2014-07-14 07:40:50', '2014-07-14 07:40:50', '0', '1', '1'),
(991, 2, '400-12345671', 1, '2014-07-14 07:40:49', '2014-07-14 07:40:49', '11110', '1', '1'),
(990, 1, '400-12345670', 1, '2014-07-14 07:40:48', '2014-07-14 07:40:48', '11101', '1', '1'),
(989, 6, '400-12345675', 1, '2014-07-14 07:40:47', '2014-07-14 07:40:47', '11100', '1', '1'),
(988, 5, '400-12345674', 1, '2014-07-14 07:40:46', '2014-07-14 07:40:46', '11011', '1', '1'),
(987, 4, '400-12345673', 1, '2014-07-14 07:40:45', '2014-07-14 07:40:45', '11010', '1', '1'),
(986, 3, '400-12345672', 1, '2014-07-14 07:40:44', '2014-07-14 07:40:44', '11001', '1', '1'),
(985, 2, '400-12345671', 1, '2014-07-14 07:40:43', '2014-07-14 07:40:43', '11000', '1', '1'),
(984, 1, '400-12345670', 1, '2014-07-14 07:40:42', '2014-07-14 07:40:42', '10111', '1', '1'),
(983, 6, '400-12345675', 1, '2014-07-14 07:40:41', '2014-07-14 07:40:41', '10110', '1', '1'),
(982, 5, '400-12345674', 1, '2014-07-14 07:40:40', '2014-07-14 07:40:40', '10101', '1', '1'),
(981, 4, '400-12345673', 1, '2014-07-14 07:40:39', '2014-07-14 07:40:39', '10100', '1', '1'),
(980, 3, '400-12345672', 1, '2014-07-14 07:40:38', '2014-07-14 07:40:38', '10011', '1', '1'),
(979, 2, '400-12345671', 1, '2014-07-14 07:40:37', '2014-07-14 07:40:37', '10010', '1', '1'),
(978, 1, '400-12345670', 1, '2014-07-14 07:40:35', '2014-07-14 07:40:35', '10001', '1', '1'),
(977, 6, '400-12345675', 1, '2014-07-14 07:40:34', '2014-07-14 07:40:34', '10000', '1', '1'),
(976, 5, '400-12345674', 1, '2014-07-14 07:40:33', '2014-07-14 07:40:33', '1111', '1', '1'),
(975, 4, '400-12345673', 1, '2014-07-14 07:40:32', '2014-07-14 07:40:32', '1110', '1', '1'),
(974, 3, '400-12345672', 1, '2014-07-14 07:40:31', '2014-07-14 07:40:31', '1101', '1', '1'),
(973, 2, '400-12345671', 1, '2014-07-14 07:40:30', '2014-07-14 07:40:30', '1100', '1', '1'),
(972, 1, '400-12345670', 1, '2014-07-14 07:40:29', '2014-07-14 07:40:29', '1011', '1', '1'),
(971, 6, '400-12345675', 1, '2014-07-14 07:40:28', '2014-07-14 07:40:28', '1010', '1', '1'),
(970, 5, '400-12345674', 1, '2014-07-14 07:40:27', '2014-07-14 07:40:27', '1001', '1', '1'),
(969, 4, '400-12345673', 1, '2014-07-14 07:40:26', '2014-07-14 07:40:26', '1000', '1', '1'),
(968, 3, '400-12345672', 1, '2014-07-14 07:40:25', '2014-07-14 07:40:25', '111', '1', '1'),
(967, 2, '400-12345671', 1, '2014-07-14 07:40:24', '2014-07-14 07:40:24', '110', '1', '1'),
(966, 1, '400-12345670', 1, '2014-07-14 07:40:23', '2014-07-14 07:40:23', '101', '1', '1'),
(965, 6, '400-12345675', 1, '2014-07-14 07:40:22', '2014-07-14 07:40:22', '100', '1', '1'),
(964, 5, '400-12345674', 1, '2014-07-14 07:40:21', '2014-07-14 07:40:21', '11', '1', '1'),
(963, 4, '400-12345673', 1, '2014-07-14 07:40:20', '2014-07-14 07:40:20', '10', '1', '1'),
(962, 3, '400-12345672', 1, '2014-07-14 07:40:19', '2014-07-14 07:40:19', '1', '1', '1'),
(961, 2, '400-12345671', 1, '2014-07-14 07:40:18', '2014-07-14 07:40:18', '0', '1', '1'),
(960, 1, '400-12345670', 1, '2014-07-14 07:40:17', '2014-07-14 07:40:17', '11110', '1', '1'),
(959, 6, '400-12345675', 1, '2014-07-14 07:40:16', '2014-07-14 07:40:16', '11101', '1', '1'),
(958, 5, '400-12345674', 1, '2014-07-14 07:40:15', '2014-07-14 07:40:15', '11100', '1', '1'),
(957, 4, '400-12345673', 1, '2014-07-14 07:40:14', '2014-07-14 07:40:14', '11011', '1', '1'),
(956, 3, '400-12345672', 1, '2014-07-14 07:40:13', '2014-07-14 07:40:13', '11010', '1', '1'),
(955, 2, '400-12345671', 1, '2014-07-14 07:40:12', '2014-07-14 07:40:12', '11001', '1', '1'),
(954, 1, '400-12345670', 1, '2014-07-14 07:40:11', '2014-07-14 07:40:11', '11000', '1', '1'),
(953, 6, '400-12345675', 1, '2014-07-14 07:40:10', '2014-07-14 07:40:10', '10111', '1', '1'),
(952, 5, '400-12345674', 1, '2014-07-14 07:40:09', '2014-07-14 07:40:09', '10110', '1', '1'),
(951, 4, '400-12345673', 1, '2014-07-14 07:40:08', '2014-07-14 07:40:08', '10101', '1', '1'),
(950, 3, '400-12345672', 1, '2014-07-14 07:40:07', '2014-07-14 07:40:07', '10100', '1', '1'),
(949, 2, '400-12345671', 1, '2014-07-14 07:40:06', '2014-07-14 07:40:06', '10011', '1', '1'),
(948, 1, '400-12345670', 1, '2014-07-14 07:40:05', '2014-07-14 07:40:05', '10010', '1', '1'),
(947, 6, '400-12345675', 1, '2014-07-14 07:40:04', '2014-07-14 07:40:04', '10001', '1', '1'),
(946, 5, '400-12345674', 1, '2014-07-14 07:40:03', '2014-07-14 07:40:03', '10000', '1', '1'),
(945, 4, '400-12345673', 1, '2014-07-14 07:40:02', '2014-07-14 07:40:02', '1111', '1', '1'),
(944, 3, '400-12345672', 1, '2014-07-14 07:40:00', '2014-07-14 07:40:00', '1110', '1', '1'),
(943, 2, '400-12345671', 1, '2014-07-14 07:39:59', '2014-07-14 07:39:59', '1101', '1', '1'),
(942, 1, '400-12345670', 1, '2014-07-14 07:39:58', '2014-07-14 07:39:58', '1100', '1', '1'),
(941, 6, '400-12345675', 1, '2014-07-14 07:39:57', '2014-07-14 07:39:57', '1011', '1', '1'),
(940, 5, '400-12345674', 1, '2014-07-14 07:39:56', '2014-07-14 07:39:56', '1010', '1', '1'),
(939, 4, '400-12345673', 1, '2014-07-14 07:39:55', '2014-07-14 07:39:55', '1001', '1', '1'),
(938, 3, '400-12345672', 1, '2014-07-14 07:39:54', '2014-07-14 07:39:54', '1000', '1', '1'),
(937, 2, '400-12345671', 1, '2014-07-14 07:39:53', '2014-07-14 07:39:53', '111', '1', '1'),
(936, 1, '400-12345670', 1, '2014-07-14 07:39:52', '2014-07-14 07:39:52', '110', '1', '1'),
(935, 6, '400-12345675', 1, '2014-07-14 07:39:51', '2014-07-14 07:39:51', '101', '1', '1'),
(934, 5, '400-12345674', 1, '2014-07-14 07:39:50', '2014-07-14 07:39:50', '100', '1', '1'),
(933, 4, '400-12345673', 1, '2014-07-14 07:39:49', '2014-07-14 07:39:49', '11', '1', '1'),
(932, 3, '400-12345672', 1, '2014-07-14 07:39:48', '2014-07-14 07:39:48', '10', '1', '1'),
(931, 2, '400-12345671', 1, '2014-07-14 07:39:47', '2014-07-14 07:39:47', '1', '1', '1'),
(930, 1, '400-12345670', 1, '2014-07-14 07:39:46', '2014-07-14 07:39:46', '0', '1', '1'),
(929, 6, '400-12345675', 1, '2014-07-14 07:39:45', '2014-07-14 07:39:45', '11110', '1', '1'),
(928, 5, '400-12345674', 1, '2014-07-14 07:39:44', '2014-07-14 07:39:44', '11101', '1', '1'),
(927, 4, '400-12345673', 1, '2014-07-14 07:39:43', '2014-07-14 07:39:43', '11100', '1', '1'),
(926, 3, '400-12345672', 1, '2014-07-14 07:39:42', '2014-07-14 07:39:42', '11011', '1', '1'),
(925, 2, '400-12345671', 1, '2014-07-14 07:39:41', '2014-07-14 07:39:41', '11010', '1', '1'),
(924, 1, '400-12345670', 1, '2014-07-14 07:39:40', '2014-07-14 07:39:40', '11001', '1', '1'),
(923, 6, '400-12345675', 1, '2014-07-14 07:39:39', '2014-07-14 07:39:39', '11000', '1', '1'),
(922, 5, '400-12345674', 1, '2014-07-14 07:39:38', '2014-07-14 07:39:38', '10111', '1', '1'),
(921, 4, '400-12345673', 1, '2014-07-14 07:39:37', '2014-07-14 07:39:37', '10110', '1', '1'),
(920, 3, '400-12345672', 1, '2014-07-14 07:39:36', '2014-07-14 07:39:36', '10101', '1', '1'),
(919, 2, '400-12345671', 1, '2014-07-14 07:39:35', '2014-07-14 07:39:35', '10100', '1', '1'),
(918, 1, '400-12345670', 1, '2014-07-14 07:39:34', '2014-07-14 07:39:34', '10011', '1', '1'),
(917, 6, '400-12345675', 1, '2014-07-14 07:39:33', '2014-07-14 07:39:33', '10010', '1', '1'),
(916, 5, '400-12345674', 1, '2014-07-14 07:39:32', '2014-07-14 07:39:32', '10001', '1', '1'),
(915, 4, '400-12345673', 1, '2014-07-14 07:39:31', '2014-07-14 07:39:31', '10000', '1', '1'),
(914, 3, '400-12345672', 1, '2014-07-14 07:39:30', '2014-07-14 07:39:30', '1111', '1', '1'),
(913, 2, '400-12345671', 1, '2014-07-14 07:39:29', '2014-07-14 07:39:29', '1110', '1', '1'),
(912, 1, '400-12345670', 1, '2014-07-14 07:39:28', '2014-07-14 07:39:28', '1101', '1', '1'),
(911, 6, '400-12345675', 1, '2014-07-14 07:39:26', '2014-07-14 07:39:26', '1100', '1', '1'),
(910, 5, '400-12345674', 1, '2014-07-14 07:39:25', '2014-07-14 07:39:25', '1011', '1', '1'),
(909, 4, '400-12345673', 1, '2014-07-14 07:39:24', '2014-07-14 07:39:24', '1010', '1', '1'),
(908, 3, '400-12345672', 1, '2014-07-14 07:39:23', '2014-07-14 07:39:23', '1001', '1', '1'),
(907, 2, '400-12345671', 1, '2014-07-14 07:39:22', '2014-07-14 07:39:22', '1000', '1', '1'),
(906, 1, '400-12345670', 1, '2014-07-14 07:39:21', '2014-07-14 07:39:21', '111', '1', '1'),
(905, 6, '400-12345675', 1, '2014-07-14 07:39:20', '2014-07-14 07:39:20', '110', '1', '1'),
(904, 5, '400-12345674', 1, '2014-07-14 07:39:19', '2014-07-14 07:39:19', '101', '1', '1'),
(903, 4, '400-12345673', 1, '2014-07-14 07:39:18', '2014-07-14 07:39:18', '100', '1', '1'),
(902, 3, '400-12345672', 1, '2014-07-14 07:39:17', '2014-07-14 07:39:17', '11', '1', '1'),
(901, 2, '400-12345671', 1, '2014-07-14 07:39:16', '2014-07-14 07:39:16', '10', '1', '1'),
(900, 1, '400-12345670', 1, '2014-07-14 07:39:15', '2014-07-14 07:39:15', '1', '1', '1'),
(899, 6, '400-12345675', 1, '2014-07-14 07:39:14', '2014-07-14 07:39:14', '0', '1', '1'),
(898, 5, '400-12345674', 1, '2014-07-14 07:39:13', '2014-07-14 07:39:13', '11110', '1', '1'),
(897, 4, '400-12345673', 1, '2014-07-14 07:39:12', '2014-07-14 07:39:12', '11101', '1', '1'),
(896, 3, '400-12345672', 1, '2014-07-14 07:39:11', '2014-07-14 07:39:11', '11100', '1', '1'),
(895, 2, '400-12345671', 1, '2014-07-14 07:39:10', '2014-07-14 07:39:10', '11011', '1', '1'),
(894, 1, '400-12345670', 1, '2014-07-14 07:39:09', '2014-07-14 07:39:09', '11010', '1', '1'),
(893, 6, '400-12345675', 1, '2014-07-14 07:39:08', '2014-07-14 07:39:08', '11001', '1', '1'),
(892, 5, '400-12345674', 1, '2014-07-14 07:39:07', '2014-07-14 07:39:07', '11000', '1', '1'),
(891, 4, '400-12345673', 1, '2014-07-14 07:39:06', '2014-07-14 07:39:06', '10111', '1', '1'),
(890, 3, '400-12345672', 1, '2014-07-14 07:39:05', '2014-07-14 07:39:05', '10110', '1', '1'),
(889, 2, '400-12345671', 1, '2014-07-14 07:39:04', '2014-07-14 07:39:04', '10101', '1', '1'),
(888, 1, '400-12345670', 1, '2014-07-14 07:39:03', '2014-07-14 07:39:03', '10100', '1', '1'),
(887, 6, '400-12345675', 1, '2014-07-14 07:39:02', '2014-07-14 07:39:02', '10011', '1', '1'),
(886, 5, '400-12345674', 1, '2014-07-14 07:39:01', '2014-07-14 07:39:01', '10010', '1', '1'),
(885, 4, '400-12345673', 1, '2014-07-14 07:39:00', '2014-07-14 07:39:00', '10001', '1', '1'),
(884, 3, '400-12345672', 1, '2014-07-14 07:38:59', '2014-07-14 07:38:59', '10000', '1', '1'),
(883, 2, '400-12345671', 1, '2014-07-14 07:38:58', '2014-07-14 07:38:58', '1111', '1', '1'),
(882, 1, '400-12345670', 1, '2014-07-14 07:38:57', '2014-07-14 07:38:57', '1110', '1', '1'),
(881, 6, '400-12345675', 1, '2014-07-14 07:38:56', '2014-07-14 07:38:56', '1101', '1', '1'),
(880, 5, '400-12345674', 1, '2014-07-14 07:38:55', '2014-07-14 07:38:55', '1100', '1', '1'),
(879, 4, '400-12345673', 1, '2014-07-14 07:38:54', '2014-07-14 07:38:54', '1011', '1', '1'),
(878, 3, '400-12345672', 1, '2014-07-14 07:38:53', '2014-07-14 07:38:53', '1010', '1', '1'),
(877, 2, '400-12345671', 1, '2014-07-14 07:38:52', '2014-07-14 07:38:52', '1001', '1', '1'),
(876, 1, '400-12345670', 1, '2014-07-14 07:38:50', '2014-07-14 07:38:50', '1000', '1', '1'),
(875, 6, '400-12345675', 1, '2014-07-14 07:38:49', '2014-07-14 07:38:49', '111', '1', '1'),
(874, 5, '400-12345674', 1, '2014-07-14 07:38:48', '2014-07-14 07:38:48', '110', '1', '1'),
(873, 4, '400-12345673', 1, '2014-07-14 07:38:47', '2014-07-14 07:38:47', '101', '1', '1'),
(872, 3, '400-12345672', 1, '2014-07-14 07:38:46', '2014-07-14 07:38:46', '100', '1', '1'),
(871, 2, '400-12345671', 1, '2014-07-14 07:38:45', '2014-07-14 07:38:45', '11', '1', '1'),
(870, 1, '400-12345670', 1, '2014-07-14 07:38:44', '2014-07-14 07:38:44', '10', '1', '1'),
(869, 6, '400-12345675', 1, '2014-07-14 07:38:43', '2014-07-14 07:38:43', '1', '1', '1'),
(868, 5, '400-12345674', 1, '2014-07-14 07:38:42', '2014-07-14 07:38:42', '0', '1', '1'),
(867, 4, '400-12345673', 1, '2014-07-14 07:38:41', '2014-07-14 07:38:41', '11110', '1', '1'),
(866, 3, '400-12345672', 1, '2014-07-14 07:38:40', '2014-07-14 07:38:40', '11101', '1', '1'),
(865, 2, '400-12345671', 1, '2014-07-14 07:38:39', '2014-07-14 07:38:39', '11100', '1', '1'),
(864, 1, '400-12345670', 1, '2014-07-14 07:38:38', '2014-07-14 07:38:38', '11011', '1', '1'),
(863, 6, '400-12345675', 1, '2014-07-14 07:38:37', '2014-07-14 07:38:37', '11010', '1', '1'),
(862, 5, '400-12345674', 1, '2014-07-14 07:38:36', '2014-07-14 07:38:36', '11001', '1', '1'),
(861, 4, '400-12345673', 1, '2014-07-14 07:38:35', '2014-07-14 07:38:35', '11000', '1', '1'),
(860, 3, '400-12345672', 1, '2014-07-14 07:38:34', '2014-07-14 07:38:34', '10111', '1', '1'),
(859, 2, '400-12345671', 1, '2014-07-14 07:38:33', '2014-07-14 07:38:33', '10110', '1', '1'),
(858, 1, '400-12345670', 1, '2014-07-14 07:38:32', '2014-07-14 07:38:32', '10101', '1', '1'),
(857, 6, '400-12345675', 1, '2014-07-14 07:38:31', '2014-07-14 07:38:31', '10100', '1', '1'),
(856, 5, '400-12345674', 1, '2014-07-14 07:38:30', '2014-07-14 07:38:30', '10011', '1', '1'),
(855, 4, '400-12345673', 1, '2014-07-14 07:38:29', '2014-07-14 07:38:29', '10010', '1', '1'),
(854, 3, '400-12345672', 1, '2014-07-14 07:38:28', '2014-07-14 07:38:28', '10001', '1', '1'),
(853, 2, '400-12345671', 1, '2014-07-14 07:38:27', '2014-07-14 07:38:27', '10000', '1', '1'),
(852, 1, '400-12345670', 1, '2014-07-14 07:38:26', '2014-07-14 07:38:26', '1111', '1', '1'),
(851, 6, '400-12345675', 1, '2014-07-14 07:38:25', '2014-07-14 07:38:25', '1110', '1', '1'),
(850, 5, '400-12345674', 1, '2014-07-14 07:38:24', '2014-07-14 07:38:24', '1101', '1', '1'),
(849, 4, '400-12345673', 1, '2014-07-14 07:38:23', '2014-07-14 07:38:23', '1100', '1', '1'),
(848, 3, '400-12345672', 1, '2014-07-14 07:38:22', '2014-07-14 07:38:22', '1011', '1', '1'),
(847, 2, '400-12345671', 1, '2014-07-14 07:38:21', '2014-07-14 07:38:21', '1010', '1', '1'),
(846, 1, '400-12345670', 1, '2014-07-14 07:38:20', '2014-07-14 07:38:20', '1001', '1', '1'),
(845, 6, '400-12345675', 1, '2014-07-14 07:38:19', '2014-07-14 07:38:19', '1000', '1', '1'),
(844, 5, '400-12345674', 1, '2014-07-14 07:38:18', '2014-07-14 07:38:18', '111', '1', '1'),
(843, 4, '400-12345673', 1, '2014-07-14 07:38:16', '2014-07-14 07:38:16', '110', '1', '1'),
(842, 3, '400-12345672', 1, '2014-07-14 07:38:15', '2014-07-14 07:38:15', '101', '1', '1'),
(841, 2, '400-12345671', 1, '2014-07-14 07:38:14', '2014-07-14 07:38:14', '100', '1', '1'),
(840, 1, '400-12345670', 1, '2014-07-14 07:38:13', '2014-07-14 07:38:13', '11', '1', '1'),
(839, 6, '400-12345675', 1, '2014-07-14 07:38:12', '2014-07-14 07:38:12', '10', '1', '1'),
(838, 5, '400-12345674', 1, '2014-07-14 07:38:11', '2014-07-14 07:38:11', '1', '1', '1'),
(837, 4, '400-12345673', 1, '2014-07-14 07:38:10', '2014-07-14 07:38:10', '0', '1', '1'),
(836, 3, '400-12345672', 1, '2014-07-14 07:38:09', '2014-07-14 07:38:09', '11110', '1', '1'),
(835, 2, '400-12345671', 1, '2014-07-14 07:38:08', '2014-07-14 07:38:08', '11101', '1', '1'),
(834, 1, '400-12345670', 1, '2014-07-14 07:38:07', '2014-07-14 07:38:07', '11100', '1', '1'),
(833, 6, '400-12345675', 1, '2014-07-14 07:38:06', '2014-07-14 07:38:06', '11011', '1', '1'),
(832, 5, '400-12345674', 1, '2014-07-14 07:38:05', '2014-07-14 07:38:05', '11010', '1', '1'),
(831, 4, '400-12345673', 1, '2014-07-14 07:38:04', '2014-07-14 07:38:04', '11001', '1', '1'),
(830, 3, '400-12345672', 1, '2014-07-14 07:38:03', '2014-07-14 07:38:03', '11000', '1', '1'),
(829, 2, '400-12345671', 1, '2014-07-14 07:38:02', '2014-07-14 07:38:02', '10111', '1', '1'),
(828, 1, '400-12345670', 1, '2014-07-14 07:38:01', '2014-07-14 07:38:01', '10110', '1', '1'),
(827, 6, '400-12345675', 1, '2014-07-14 07:38:00', '2014-07-14 07:38:00', '10101', '1', '1'),
(826, 5, '400-12345674', 1, '2014-07-14 07:37:59', '2014-07-14 07:37:59', '10100', '1', '1'),
(825, 4, '400-12345673', 1, '2014-07-14 07:37:58', '2014-07-14 07:37:58', '10011', '1', '1'),
(824, 3, '400-12345672', 1, '2014-07-14 07:37:57', '2014-07-14 07:37:57', '10010', '1', '1'),
(823, 2, '400-12345671', 1, '2014-07-14 07:37:56', '2014-07-14 07:37:56', '10001', '1', '1'),
(822, 1, '400-12345670', 1, '2014-07-14 07:37:55', '2014-07-14 07:37:55', '10000', '1', '1'),
(821, 6, '400-12345675', 1, '2014-07-14 07:37:54', '2014-07-14 07:37:54', '1111', '1', '1'),
(820, 5, '400-12345674', 1, '2014-07-14 07:37:53', '2014-07-14 07:37:53', '1110', '1', '1'),
(819, 4, '400-12345673', 1, '2014-07-14 07:37:52', '2014-07-14 07:37:52', '1101', '1', '1'),
(818, 3, '400-12345672', 1, '2014-07-14 07:37:51', '2014-07-14 07:37:51', '1100', '1', '1'),
(817, 2, '400-12345671', 1, '2014-07-14 07:37:50', '2014-07-14 07:37:50', '1011', '1', '1'),
(816, 1, '400-12345670', 1, '2014-07-14 07:37:49', '2014-07-14 07:37:49', '1010', '1', '1'),
(815, 6, '400-12345675', 1, '2014-07-14 07:37:48', '2014-07-14 07:37:48', '1001', '1', '1'),
(814, 5, '400-12345674', 1, '2014-07-14 07:37:47', '2014-07-14 07:37:47', '1000', '1', '1'),
(813, 4, '400-12345673', 1, '2014-07-14 07:37:46', '2014-07-14 07:37:46', '111', '1', '1'),
(812, 3, '400-12345672', 1, '2014-07-14 07:37:45', '2014-07-14 07:37:45', '110', '1', '1'),
(811, 2, '400-12345671', 1, '2014-07-14 07:37:44', '2014-07-14 07:37:44', '101', '1', '1'),
(810, 1, '400-12345670', 1, '2014-07-14 07:37:43', '2014-07-14 07:37:43', '100', '1', '1'),
(809, 6, '400-12345675', 1, '2014-07-14 07:37:41', '2014-07-14 07:37:41', '11', '1', '1'),
(808, 5, '400-12345674', 1, '2014-07-14 07:37:40', '2014-07-14 07:37:40', '10', '1', '1'),
(807, 4, '400-12345673', 1, '2014-07-14 07:37:39', '2014-07-14 07:37:39', '1', '1', '1'),
(806, 3, '400-12345672', 1, '2014-07-14 07:37:38', '2014-07-14 07:37:38', '0', '1', '1'),
(805, 2, '400-12345671', 1, '2014-07-14 07:37:37', '2014-07-14 07:37:37', '11110', '1', '1'),
(804, 1, '400-12345670', 1, '2014-07-14 07:37:36', '2014-07-14 07:37:36', '11101', '1', '1'),
(803, 6, '400-12345675', 1, '2014-07-14 07:37:35', '2014-07-14 07:37:35', '11100', '1', '1'),
(802, 5, '400-12345674', 1, '2014-07-14 07:37:34', '2014-07-14 07:37:34', '11011', '1', '1'),
(801, 4, '400-12345673', 1, '2014-07-14 07:37:33', '2014-07-14 07:37:33', '11010', '1', '1'),
(800, 3, '400-12345672', 1, '2014-07-14 07:37:32', '2014-07-14 07:37:32', '11001', '1', '1'),
(799, 2, '400-12345671', 1, '2014-07-14 07:37:31', '2014-07-14 07:37:31', '11000', '1', '1'),
(798, 1, '400-12345670', 1, '2014-07-14 07:37:30', '2014-07-14 07:37:30', '10111', '1', '1'),
(797, 6, '400-12345675', 1, '2014-07-14 07:37:29', '2014-07-14 07:37:29', '10110', '1', '1'),
(796, 5, '400-12345674', 1, '2014-07-14 07:37:28', '2014-07-14 07:37:28', '10101', '1', '1'),
(795, 4, '400-12345673', 1, '2014-07-14 07:37:27', '2014-07-14 07:37:27', '10100', '1', '1'),
(794, 3, '400-12345672', 1, '2014-07-14 07:37:26', '2014-07-14 07:37:26', '10011', '1', '1'),
(793, 2, '400-12345671', 1, '2014-07-14 07:37:25', '2014-07-14 07:37:25', '10010', '1', '1'),
(792, 1, '400-12345670', 1, '2014-07-14 07:37:24', '2014-07-14 07:37:24', '10001', '1', '1'),
(791, 6, '400-12345675', 1, '2014-07-14 07:37:23', '2014-07-14 07:37:23', '10000', '1', '1'),
(790, 5, '400-12345674', 1, '2014-07-14 07:37:22', '2014-07-14 07:37:22', '1111', '1', '1'),
(789, 4, '400-12345673', 1, '2014-07-14 07:37:21', '2014-07-14 07:37:21', '1110', '1', '1'),
(788, 3, '400-12345672', 1, '2014-07-14 07:37:20', '2014-07-14 07:37:20', '1101', '1', '1'),
(787, 2, '400-12345671', 1, '2014-07-14 07:37:19', '2014-07-14 07:37:19', '1100', '1', '1'),
(786, 1, '400-12345670', 1, '2014-07-14 07:37:18', '2014-07-14 07:37:18', '1011', '1', '1'),
(785, 6, '400-12345675', 1, '2014-07-14 07:37:17', '2014-07-14 07:37:17', '1010', '1', '1'),
(784, 5, '400-12345674', 1, '2014-07-14 07:37:16', '2014-07-14 07:37:16', '1001', '1', '1'),
(783, 4, '400-12345673', 1, '2014-07-14 07:37:15', '2014-07-14 07:37:15', '1000', '1', '1'),
(782, 3, '400-12345672', 1, '2014-07-14 07:37:14', '2014-07-14 07:37:14', '111', '1', '1'),
(781, 2, '400-12345671', 1, '2014-07-14 07:37:13', '2014-07-14 07:37:13', '110', '1', '1'),
(780, 1, '400-12345670', 1, '2014-07-14 07:37:12', '2014-07-14 07:37:12', '101', '1', '1'),
(779, 6, '400-12345675', 1, '2014-07-14 07:37:11', '2014-07-14 07:37:11', '100', '1', '1'),
(778, 5, '400-12345674', 1, '2014-07-14 07:37:10', '2014-07-14 07:37:10', '11', '1', '1'),
(777, 4, '400-12345673', 1, '2014-07-14 07:37:08', '2014-07-14 07:37:08', '10', '1', '1'),
(776, 3, '400-12345672', 1, '2014-07-14 07:37:07', '2014-07-14 07:37:07', '1', '1', '1'),
(775, 2, '400-12345671', 1, '2014-07-14 07:37:06', '2014-07-14 07:37:06', '0', '1', '1'),
(774, 1, '400-12345670', 1, '2014-07-14 07:37:05', '2014-07-14 07:37:05', '11110', '1', '1'),
(773, 6, '400-12345675', 1, '2014-07-14 07:37:04', '2014-07-14 07:37:04', '11101', '1', '1'),
(772, 5, '400-12345674', 1, '2014-07-14 07:37:03', '2014-07-14 07:37:03', '11100', '1', '1'),
(771, 4, '400-12345673', 1, '2014-07-14 07:37:02', '2014-07-14 07:37:02', '11011', '1', '1'),
(770, 3, '400-12345672', 1, '2014-07-14 07:37:01', '2014-07-14 07:37:01', '11010', '1', '1'),
(769, 2, '400-12345671', 1, '2014-07-14 07:37:00', '2014-07-14 07:37:00', '11001', '1', '1'),
(768, 1, '400-12345670', 1, '2014-07-14 07:36:59', '2014-07-14 07:36:59', '11000', '1', '1'),
(767, 6, '400-12345675', 1, '2014-07-14 07:36:58', '2014-07-14 07:36:58', '10111', '1', '1'),
(766, 5, '400-12345674', 1, '2014-07-14 07:36:57', '2014-07-14 07:36:57', '10110', '1', '1'),
(765, 4, '400-12345673', 1, '2014-07-14 07:36:56', '2014-07-14 07:36:56', '10101', '1', '1'),
(764, 3, '400-12345672', 1, '2014-07-14 07:36:55', '2014-07-14 07:36:55', '10100', '1', '1'),
(763, 2, '400-12345671', 1, '2014-07-14 07:36:54', '2014-07-14 07:36:54', '10011', '1', '1'),
(762, 1, '400-12345670', 1, '2014-07-14 07:36:53', '2014-07-14 07:36:53', '10010', '1', '1'),
(761, 6, '400-12345675', 1, '2014-07-14 07:36:52', '2014-07-14 07:36:52', '10001', '1', '1'),
(760, 5, '400-12345674', 1, '2014-07-14 07:36:51', '2014-07-14 07:36:51', '10000', '1', '1'),
(759, 4, '400-12345673', 1, '2014-07-14 07:36:50', '2014-07-14 07:36:50', '1111', '1', '1'),
(758, 3, '400-12345672', 1, '2014-07-14 07:36:49', '2014-07-14 07:36:49', '1110', '1', '1'),
(757, 2, '400-12345671', 1, '2014-07-14 07:36:48', '2014-07-14 07:36:48', '1101', '1', '1'),
(756, 1, '400-12345670', 1, '2014-07-14 07:36:47', '2014-07-14 07:36:47', '1100', '1', '1'),
(755, 6, '400-12345675', 1, '2014-07-14 07:36:46', '2014-07-14 07:36:46', '1011', '1', '1'),
(754, 5, '400-12345674', 1, '2014-07-14 07:36:45', '2014-07-14 07:36:45', '1010', '1', '1'),
(753, 4, '400-12345673', 1, '2014-07-14 07:36:44', '2014-07-14 07:36:44', '1001', '1', '1'),
(752, 3, '400-12345672', 1, '2014-07-14 07:36:43', '2014-07-14 07:36:43', '1000', '1', '1'),
(751, 2, '400-12345671', 1, '2014-07-14 07:36:42', '2014-07-14 07:36:42', '111', '1', '1'),
(750, 1, '400-12345670', 1, '2014-07-14 07:36:41', '2014-07-14 07:36:41', '110', '1', '1'),
(749, 6, '400-12345675', 1, '2014-07-14 07:36:40', '2014-07-14 07:36:40', '101', '1', '1'),
(748, 5, '400-12345674', 1, '2014-07-14 07:36:39', '2014-07-14 07:36:39', '100', '1', '1'),
(747, 4, '400-12345673', 1, '2014-07-14 07:36:38', '2014-07-14 07:36:38', '11', '1', '1'),
(746, 3, '400-12345672', 1, '2014-07-14 07:36:37', '2014-07-14 07:36:37', '10', '1', '1'),
(745, 2, '400-12345671', 1, '2014-07-14 07:36:36', '2014-07-14 07:36:36', '1', '1', '1'),
(744, 1, '400-12345670', 1, '2014-07-14 07:36:35', '2014-07-14 07:36:35', '0', '1', '1'),
(743, 6, '400-12345675', 1, '2014-07-14 07:36:33', '2014-07-14 07:36:33', '11110', '1', '1'),
(742, 5, '400-12345674', 1, '2014-07-14 07:36:32', '2014-07-14 07:36:32', '11101', '1', '1'),
(741, 4, '400-12345673', 1, '2014-07-14 07:36:31', '2014-07-14 07:36:31', '11100', '1', '1'),
(740, 3, '400-12345672', 1, '2014-07-14 07:36:30', '2014-07-14 07:36:30', '11011', '1', '1'),
(739, 2, '400-12345671', 1, '2014-07-14 07:36:29', '2014-07-14 07:36:29', '11010', '1', '1'),
(738, 1, '400-12345670', 1, '2014-07-14 07:36:28', '2014-07-14 07:36:28', '11001', '1', '1'),
(737, 6, '400-12345675', 1, '2014-07-14 07:36:27', '2014-07-14 07:36:27', '11000', '1', '1'),
(736, 5, '400-12345674', 1, '2014-07-14 07:36:26', '2014-07-14 07:36:26', '10111', '1', '1'),
(735, 4, '400-12345673', 1, '2014-07-14 07:36:25', '2014-07-14 07:36:25', '10110', '1', '1'),
(734, 3, '400-12345672', 1, '2014-07-14 07:36:24', '2014-07-14 07:36:24', '10101', '1', '1'),
(733, 2, '400-12345671', 1, '2014-07-14 07:36:23', '2014-07-14 07:36:23', '10100', '1', '1'),
(732, 1, '400-12345670', 1, '2014-07-14 07:36:22', '2014-07-14 07:36:22', '10011', '1', '1'),
(731, 6, '400-12345675', 1, '2014-07-14 07:36:21', '2014-07-14 07:36:21', '10010', '1', '1'),
(730, 5, '400-12345674', 1, '2014-07-14 07:36:20', '2014-07-14 07:36:20', '10001', '1', '1'),
(729, 4, '400-12345673', 1, '2014-07-14 07:36:19', '2014-07-14 07:36:19', '10000', '1', '1'),
(728, 3, '400-12345672', 1, '2014-07-14 07:36:18', '2014-07-14 07:36:18', '1111', '1', '1'),
(727, 2, '400-12345671', 1, '2014-07-14 07:36:17', '2014-07-14 07:36:17', '1110', '1', '1'),
(726, 1, '400-12345670', 1, '2014-07-14 07:36:16', '2014-07-14 07:36:16', '1101', '1', '1'),
(725, 6, '400-12345675', 1, '2014-07-14 07:36:15', '2014-07-14 07:36:15', '1100', '1', '1'),
(724, 5, '400-12345674', 1, '2014-07-14 07:36:14', '2014-07-14 07:36:14', '1011', '1', '1'),
(723, 4, '400-12345673', 1, '2014-07-14 07:36:13', '2014-07-14 07:36:13', '1010', '1', '1'),
(722, 3, '400-12345672', 1, '2014-07-14 07:36:12', '2014-07-14 07:36:12', '1001', '1', '1'),
(721, 2, '400-12345671', 1, '2014-07-14 07:36:11', '2014-07-14 07:36:11', '1000', '1', '1'),
(720, 1, '400-12345670', 1, '2014-07-14 07:36:10', '2014-07-14 07:36:10', '111', '1', '1'),
(719, 6, '400-12345675', 1, '2014-07-14 07:36:09', '2014-07-14 07:36:09', '110', '1', '1'),
(718, 5, '400-12345674', 1, '2014-07-14 07:36:08', '2014-07-14 07:36:08', '101', '1', '1'),
(717, 4, '400-12345673', 1, '2014-07-14 07:36:07', '2014-07-14 07:36:07', '100', '1', '1'),
(716, 3, '400-12345672', 1, '2014-07-14 07:36:06', '2014-07-14 07:36:06', '11', '1', '1'),
(715, 2, '400-12345671', 1, '2014-07-14 07:36:05', '2014-07-14 07:36:05', '10', '1', '1'),
(714, 1, '400-12345670', 1, '2014-07-14 07:36:04', '2014-07-14 07:36:04', '1', '1', '1'),
(713, 6, '400-12345675', 1, '2014-07-14 07:36:03', '2014-07-14 07:36:03', '0', '1', '1'),
(712, 5, '400-12345674', 1, '2014-07-14 07:36:02', '2014-07-14 07:36:02', '11110', '1', '1'),
(711, 4, '400-12345673', 1, '2014-07-14 07:36:01', '2014-07-14 07:36:01', '11101', '1', '1'),
(710, 3, '400-12345672', 1, '2014-07-14 07:36:00', '2014-07-14 07:36:00', '11100', '1', '1'),
(709, 2, '400-12345671', 1, '2014-07-14 07:35:58', '2014-07-14 07:35:58', '11011', '1', '1'),
(708, 1, '400-12345670', 1, '2014-07-14 07:35:57', '2014-07-14 07:35:57', '11010', '1', '1'),
(707, 6, '400-12345675', 1, '2014-07-14 07:35:56', '2014-07-14 07:35:56', '11001', '1', '1'),
(706, 5, '400-12345674', 1, '2014-07-14 07:35:55', '2014-07-14 07:35:55', '11000', '1', '1'),
(705, 4, '400-12345673', 1, '2014-07-14 07:35:54', '2014-07-14 07:35:54', '10111', '1', '1'),
(704, 3, '400-12345672', 1, '2014-07-14 07:35:53', '2014-07-14 07:35:53', '10110', '1', '1'),
(703, 2, '400-12345671', 1, '2014-07-14 07:35:52', '2014-07-14 07:35:52', '10101', '1', '1'),
(702, 1, '400-12345670', 1, '2014-07-14 07:35:51', '2014-07-14 07:35:51', '10100', '1', '1'),
(701, 6, '400-12345675', 1, '2014-07-14 07:35:50', '2014-07-14 07:35:50', '10011', '1', '1'),
(700, 5, '400-12345674', 1, '2014-07-14 07:35:49', '2014-07-14 07:35:49', '10010', '1', '1'),
(699, 4, '400-12345673', 1, '2014-07-14 07:35:48', '2014-07-14 07:35:48', '10001', '1', '1'),
(698, 3, '400-12345672', 1, '2014-07-14 07:35:47', '2014-07-14 07:35:47', '10000', '1', '1'),
(697, 2, '400-12345671', 1, '2014-07-14 07:35:46', '2014-07-14 07:35:46', '1111', '1', '1'),
(696, 1, '400-12345670', 1, '2014-07-14 07:35:45', '2014-07-14 07:35:45', '1110', '1', '1'),
(695, 6, '400-12345675', 1, '2014-07-14 07:35:44', '2014-07-14 07:35:44', '1101', '1', '1'),
(694, 5, '400-12345674', 1, '2014-07-14 07:35:43', '2014-07-14 07:35:43', '1100', '1', '1'),
(693, 4, '400-12345673', 1, '2014-07-14 07:35:42', '2014-07-14 07:35:42', '1011', '1', '1'),
(692, 3, '400-12345672', 1, '2014-07-14 07:35:41', '2014-07-14 07:35:41', '1010', '1', '1'),
(691, 2, '400-12345671', 1, '2014-07-14 07:35:40', '2014-07-14 07:35:40', '1001', '1', '1'),
(690, 1, '400-12345670', 1, '2014-07-14 07:35:39', '2014-07-14 07:35:39', '1000', '1', '1'),
(689, 6, '400-12345675', 1, '2014-07-14 07:35:38', '2014-07-14 07:35:38', '111', '1', '1'),
(688, 5, '400-12345674', 1, '2014-07-14 07:35:37', '2014-07-14 07:35:37', '110', '1', '1'),
(687, 4, '400-12345673', 1, '2014-07-14 07:35:36', '2014-07-14 07:35:36', '101', '1', '1'),
(686, 3, '400-12345672', 1, '2014-07-14 07:35:35', '2014-07-14 07:35:35', '100', '1', '1'),
(685, 2, '400-12345671', 1, '2014-07-14 07:35:34', '2014-07-14 07:35:34', '11', '1', '1'),
(684, 1, '400-12345670', 1, '2014-07-14 07:35:33', '2014-07-14 07:35:33', '10', '1', '1'),
(683, 6, '400-12345675', 1, '2014-07-14 07:35:32', '2014-07-14 07:35:32', '1', '1', '1'),
(682, 5, '400-12345674', 1, '2014-07-14 07:35:31', '2014-07-14 07:35:31', '0', '1', '1'),
(681, 4, '400-12345673', 1, '2014-07-14 07:35:30', '2014-07-14 07:35:30', '11110', '1', '1'),
(680, 3, '400-12345672', 1, '2014-07-14 07:35:29', '2014-07-14 07:35:29', '11101', '1', '1'),
(679, 2, '400-12345671', 1, '2014-07-14 07:35:28', '2014-07-14 07:35:28', '11100', '1', '1'),
(678, 1, '400-12345670', 1, '2014-07-14 07:35:27', '2014-07-14 07:35:27', '11011', '1', '1'),
(677, 6, '400-12345675', 1, '2014-07-14 07:35:26', '2014-07-14 07:35:26', '11010', '1', '1'),
(676, 5, '400-12345674', 1, '2014-07-14 07:35:25', '2014-07-14 07:35:25', '11001', '1', '1'),
(675, 4, '400-12345673', 1, '2014-07-14 07:35:24', '2014-07-14 07:35:24', '11000', '1', '1'),
(674, 3, '400-12345672', 1, '2014-07-14 07:35:22', '2014-07-14 07:35:22', '10111', '1', '1'),
(673, 2, '400-12345671', 1, '2014-07-14 07:35:21', '2014-07-14 07:35:21', '10110', '1', '1'),
(672, 1, '400-12345670', 1, '2014-07-14 07:35:20', '2014-07-14 07:35:20', '10101', '1', '1'),
(671, 6, '400-12345675', 1, '2014-07-14 07:35:19', '2014-07-14 07:35:19', '10100', '1', '1'),
(670, 5, '400-12345674', 1, '2014-07-14 07:35:18', '2014-07-14 07:35:18', '10011', '1', '1'),
(669, 4, '400-12345673', 1, '2014-07-14 07:35:17', '2014-07-14 07:35:17', '10010', '1', '1'),
(668, 3, '400-12345672', 1, '2014-07-14 07:35:16', '2014-07-14 07:35:16', '10001', '1', '1'),
(667, 2, '400-12345671', 1, '2014-07-14 07:35:15', '2014-07-14 07:35:15', '10000', '1', '1'),
(666, 1, '400-12345670', 1, '2014-07-14 07:35:14', '2014-07-14 07:35:14', '1111', '1', '1'),
(665, 6, '400-12345675', 1, '2014-07-14 07:35:13', '2014-07-14 07:35:13', '1110', '1', '1'),
(664, 5, '400-12345674', 1, '2014-07-14 07:35:12', '2014-07-14 07:35:12', '1101', '1', '1'),
(663, 4, '400-12345673', 1, '2014-07-14 07:35:11', '2014-07-14 07:35:11', '1100', '1', '1'),
(662, 3, '400-12345672', 1, '2014-07-14 07:35:10', '2014-07-14 07:35:10', '1011', '1', '1'),
(661, 2, '400-12345671', 1, '2014-07-14 07:35:09', '2014-07-14 07:35:09', '1010', '1', '1'),
(660, 1, '400-12345670', 1, '2014-07-14 07:35:08', '2014-07-14 07:35:08', '1001', '1', '1'),
(659, 6, '400-12345675', 1, '2014-07-14 07:35:07', '2014-07-14 07:35:07', '1000', '1', '1'),
(658, 5, '400-12345674', 1, '2014-07-14 07:35:06', '2014-07-14 07:35:06', '111', '1', '1'),
(657, 4, '400-12345673', 1, '2014-07-14 07:35:05', '2014-07-14 07:35:05', '110', '1', '1'),
(656, 3, '400-12345672', 1, '2014-07-14 07:35:04', '2014-07-14 07:35:04', '101', '1', '1'),
(655, 2, '400-12345671', 1, '2014-07-14 07:35:03', '2014-07-14 07:35:03', '100', '1', '1'),
(654, 1, '400-12345670', 1, '2014-07-14 07:35:02', '2014-07-14 07:35:02', '11', '1', '1'),
(653, 6, '400-12345675', 1, '2014-07-14 07:35:01', '2014-07-14 07:35:01', '10', '1', '1'),
(652, 5, '400-12345674', 1, '2014-07-14 07:35:00', '2014-07-14 07:35:00', '1', '1', '1'),
(651, 4, '400-12345673', 1, '2014-07-14 07:34:59', '2014-07-14 07:34:59', '0', '1', '1'),
(650, 3, '400-12345672', 1, '2014-07-14 07:34:58', '2014-07-14 07:34:58', '11110', '1', '1'),
(649, 2, '400-12345671', 1, '2014-07-14 07:34:57', '2014-07-14 07:34:57', '11101', '1', '1'),
(648, 1, '400-12345670', 1, '2014-07-14 07:34:56', '2014-07-14 07:34:56', '11100', '1', '1'),
(647, 6, '400-12345675', 1, '2014-07-14 07:34:55', '2014-07-14 07:34:55', '11011', '1', '1'),
(646, 5, '400-12345674', 1, '2014-07-14 07:34:54', '2014-07-14 07:34:54', '11010', '1', '1'),
(645, 4, '400-12345673', 1, '2014-07-14 07:34:53', '2014-07-14 07:34:53', '11001', '1', '1'),
(644, 3, '400-12345672', 1, '2014-07-14 07:34:52', '2014-07-14 07:34:52', '11000', '1', '1'),
(643, 2, '400-12345671', 1, '2014-07-14 07:34:51', '2014-07-14 07:34:51', '10111', '1', '1'),
(642, 1, '400-12345670', 1, '2014-07-14 07:34:50', '2014-07-14 07:34:50', '10110', '1', '1'),
(641, 6, '400-12345675', 1, '2014-07-14 07:34:49', '2014-07-14 07:34:49', '10101', '1', '1'),
(640, 5, '400-12345674', 1, '2014-07-14 07:34:48', '2014-07-14 07:34:48', '10100', '1', '1'),
(639, 4, '400-12345673', 1, '2014-07-14 07:34:47', '2014-07-14 07:34:47', '10011', '1', '1'),
(638, 3, '400-12345672', 1, '2014-07-14 07:34:45', '2014-07-14 07:34:45', '10010', '1', '1'),
(637, 2, '400-12345671', 1, '2014-07-14 07:34:44', '2014-07-14 07:34:44', '10001', '1', '1'),
(636, 1, '400-12345670', 1, '2014-07-14 07:34:43', '2014-07-14 07:34:43', '10000', '1', '1'),
(635, 6, '400-12345675', 1, '2014-07-14 07:34:42', '2014-07-14 07:34:42', '1111', '1', '1'),
(634, 5, '400-12345674', 1, '2014-07-14 07:34:41', '2014-07-14 07:34:41', '1110', '1', '1'),
(633, 4, '400-12345673', 1, '2014-07-14 07:34:40', '2014-07-14 07:34:40', '1101', '1', '1'),
(632, 3, '400-12345672', 1, '2014-07-14 07:34:39', '2014-07-14 07:34:39', '1100', '1', '1'),
(631, 2, '400-12345671', 1, '2014-07-14 07:34:38', '2014-07-14 07:34:38', '1011', '1', '1'),
(630, 1, '400-12345670', 1, '2014-07-14 07:34:37', '2014-07-14 07:34:37', '1010', '1', '1'),
(629, 6, '400-12345675', 1, '2014-07-14 07:34:36', '2014-07-14 07:34:36', '1001', '1', '1'),
(628, 5, '400-12345674', 1, '2014-07-14 07:34:35', '2014-07-14 07:34:35', '1000', '1', '1'),
(627, 4, '400-12345673', 1, '2014-07-14 07:34:34', '2014-07-14 07:34:34', '111', '1', '1'),
(626, 3, '400-12345672', 1, '2014-07-14 07:34:33', '2014-07-14 07:34:33', '110', '1', '1'),
(625, 2, '400-12345671', 1, '2014-07-14 07:34:32', '2014-07-14 07:34:32', '101', '1', '1'),
(624, 1, '400-12345670', 1, '2014-07-14 07:34:31', '2014-07-14 07:34:31', '100', '1', '1'),
(623, 6, '400-12345675', 1, '2014-07-14 07:34:30', '2014-07-14 07:34:30', '11', '1', '1'),
(622, 5, '400-12345674', 1, '2014-07-14 07:34:29', '2014-07-14 07:34:29', '10', '1', '1'),
(621, 4, '400-12345673', 1, '2014-07-14 07:34:28', '2014-07-14 07:34:28', '1', '1', '1'),
(620, 3, '400-12345672', 1, '2014-07-14 07:34:27', '2014-07-14 07:34:27', '0', '1', '1'),
(619, 2, '400-12345671', 1, '2014-07-14 07:34:26', '2014-07-14 07:34:26', '11110', '1', '1'),
(618, 1, '400-12345670', 1, '2014-07-14 07:34:25', '2014-07-14 07:34:25', '11101', '1', '1'),
(617, 6, '400-12345675', 1, '2014-07-14 07:34:24', '2014-07-14 07:34:24', '11100', '1', '1'),
(616, 5, '400-12345674', 1, '2014-07-14 07:34:23', '2014-07-14 07:34:23', '11011', '1', '1'),
(615, 4, '400-12345673', 1, '2014-07-14 07:34:22', '2014-07-14 07:34:22', '11010', '1', '1'),
(614, 3, '400-12345672', 1, '2014-07-14 07:34:21', '2014-07-14 07:34:21', '11001', '1', '1'),
(613, 2, '400-12345671', 1, '2014-07-14 07:34:20', '2014-07-14 07:34:20', '11000', '1', '1'),
(612, 1, '400-12345670', 1, '2014-07-14 07:34:19', '2014-07-14 07:34:19', '10111', '1', '1'),
(611, 6, '400-12345675', 1, '2014-07-14 07:34:18', '2014-07-14 07:34:18', '10110', '1', '1'),
(610, 5, '400-12345674', 1, '2014-07-14 07:34:17', '2014-07-14 07:34:17', '10101', '1', '1'),
(609, 4, '400-12345673', 1, '2014-07-14 07:34:16', '2014-07-14 07:34:16', '10100', '1', '1'),
(608, 3, '400-12345672', 1, '2014-07-14 07:34:15', '2014-07-14 07:34:15', '10011', '1', '1'),
(607, 2, '400-12345671', 1, '2014-07-14 07:34:14', '2014-07-14 07:34:14', '10010', '1', '1'),
(606, 1, '400-12345670', 1, '2014-07-14 07:34:13', '2014-07-14 07:34:13', '10001', '1', '1'),
(605, 6, '400-12345675', 1, '2014-07-14 07:34:12', '2014-07-14 07:34:12', '10000', '1', '1'),
(604, 5, '400-12345674', 1, '2014-07-14 07:34:11', '2014-07-14 07:34:11', '1111', '1', '1'),
(603, 4, '400-12345673', 1, '2014-07-14 07:34:10', '2014-07-14 07:34:10', '1110', '1', '1'),
(602, 3, '400-12345672', 1, '2014-07-14 07:34:08', '2014-07-14 07:34:08', '1101', '1', '1'),
(601, 2, '400-12345671', 1, '2014-07-14 07:34:07', '2014-07-14 07:34:07', '1100', '1', '1'),
(600, 1, '400-12345670', 1, '2014-07-14 07:34:06', '2014-07-14 07:34:06', '1011', '1', '1'),
(599, 6, '400-12345675', 1, '2014-07-14 07:34:05', '2014-07-14 07:34:05', '1010', '1', '1'),
(598, 5, '400-12345674', 1, '2014-07-14 07:34:04', '2014-07-14 07:34:04', '1001', '1', '1'),
(597, 4, '400-12345673', 1, '2014-07-14 07:34:03', '2014-07-14 07:34:03', '1000', '1', '1'),
(596, 3, '400-12345672', 1, '2014-07-14 07:34:02', '2014-07-14 07:34:02', '111', '1', '1'),
(595, 2, '400-12345671', 1, '2014-07-14 07:34:01', '2014-07-14 07:34:01', '110', '1', '1'),
(594, 1, '400-12345670', 1, '2014-07-14 07:34:00', '2014-07-14 07:34:00', '101', '1', '1'),
(593, 6, '400-12345675', 1, '2014-07-14 07:33:59', '2014-07-14 07:33:59', '100', '1', '1'),
(592, 5, '400-12345674', 1, '2014-07-14 07:33:58', '2014-07-14 07:33:58', '11', '1', '1'),
(591, 4, '400-12345673', 1, '2014-07-14 07:33:57', '2014-07-14 07:33:57', '10', '1', '1'),
(590, 3, '400-12345672', 1, '2014-07-14 07:33:56', '2014-07-14 07:33:56', '1', '1', '1'),
(589, 2, '400-12345671', 1, '2014-07-14 07:33:55', '2014-07-14 07:33:55', '0', '1', '1'),
(588, 1, '400-12345670', 1, '2014-07-14 07:33:54', '2014-07-14 07:33:54', '11110', '1', '1'),
(587, 6, '400-12345675', 1, '2014-07-14 07:33:53', '2014-07-14 07:33:53', '11101', '1', '1'),
(586, 5, '400-12345674', 1, '2014-07-14 07:33:52', '2014-07-14 07:33:52', '11100', '1', '1'),
(585, 4, '400-12345673', 1, '2014-07-14 07:33:51', '2014-07-14 07:33:51', '11011', '1', '1'),
(584, 3, '400-12345672', 1, '2014-07-14 07:33:50', '2014-07-14 07:33:50', '11010', '1', '1'),
(583, 2, '400-12345671', 1, '2014-07-14 07:33:49', '2014-07-14 07:33:49', '11001', '1', '1'),
(582, 1, '400-12345670', 1, '2014-07-14 07:33:48', '2014-07-14 07:33:48', '11000', '1', '1'),
(581, 6, '400-12345675', 1, '2014-07-14 07:33:47', '2014-07-14 07:33:47', '10111', '1', '1'),
(580, 5, '400-12345674', 1, '2014-07-14 07:33:46', '2014-07-14 07:33:46', '10110', '1', '1'),
(579, 4, '400-12345673', 1, '2014-07-14 07:33:45', '2014-07-14 07:33:45', '10101', '1', '1'),
(578, 3, '400-12345672', 1, '2014-07-14 07:33:44', '2014-07-14 07:33:44', '10100', '1', '1'),
(577, 2, '400-12345671', 1, '2014-07-14 07:33:43', '2014-07-14 07:33:43', '10011', '1', '1'),
(576, 1, '400-12345670', 1, '2014-07-14 07:33:42', '2014-07-14 07:33:42', '10010', '1', '1'),
(575, 6, '400-12345675', 1, '2014-07-14 07:33:41', '2014-07-14 07:33:41', '10001', '1', '1'),
(574, 5, '400-12345674', 1, '2014-07-14 07:33:40', '2014-07-14 07:33:40', '10000', '1', '1'),
(573, 4, '400-12345673', 1, '2014-07-14 07:33:39', '2014-07-14 07:33:39', '1111', '1', '1'),
(572, 3, '400-12345672', 1, '2014-07-14 07:33:38', '2014-07-14 07:33:38', '1110', '1', '1'),
(571, 2, '400-12345671', 1, '2014-07-14 07:33:37', '2014-07-14 07:33:37', '1101', '1', '1'),
(570, 1, '400-12345670', 1, '2014-07-14 07:33:36', '2014-07-14 07:33:36', '1100', '1', '1'),
(569, 6, '400-12345675', 1, '2014-07-14 07:33:35', '2014-07-14 07:33:35', '1011', '1', '1'),
(568, 5, '400-12345674', 1, '2014-07-14 07:33:33', '2014-07-14 07:33:33', '1010', '1', '1'),
(567, 4, '400-12345673', 1, '2014-07-14 07:33:32', '2014-07-14 07:33:32', '1001', '1', '1'),
(566, 3, '400-12345672', 1, '2014-07-14 07:33:31', '2014-07-14 07:33:31', '1000', '1', '1'),
(565, 2, '400-12345671', 1, '2014-07-14 07:33:30', '2014-07-14 07:33:30', '111', '1', '1'),
(564, 1, '400-12345670', 1, '2014-07-14 07:33:29', '2014-07-14 07:33:29', '110', '1', '1'),
(563, 6, '400-12345675', 1, '2014-07-14 07:33:28', '2014-07-14 07:33:28', '101', '1', '1'),
(562, 5, '400-12345674', 1, '2014-07-14 07:33:27', '2014-07-14 07:33:27', '100', '1', '1'),
(561, 4, '400-12345673', 1, '2014-07-14 07:33:26', '2014-07-14 07:33:26', '11', '1', '1'),
(560, 3, '400-12345672', 1, '2014-07-14 07:33:25', '2014-07-14 07:33:25', '10', '1', '1'),
(559, 2, '400-12345671', 1, '2014-07-14 07:33:24', '2014-07-14 07:33:24', '1', '1', '1'),
(558, 1, '400-12345670', 1, '2014-07-14 07:33:23', '2014-07-14 07:33:23', '0', '1', '1'),
(557, 6, '400-12345675', 1, '2014-07-14 07:33:22', '2014-07-14 07:33:22', '11110', '1', '1'),
(556, 5, '400-12345674', 1, '2014-07-14 07:33:21', '2014-07-14 07:33:21', '11101', '1', '1'),
(555, 4, '400-12345673', 1, '2014-07-14 07:33:20', '2014-07-14 07:33:20', '11100', '1', '1'),
(554, 3, '400-12345672', 1, '2014-07-14 07:33:19', '2014-07-14 07:33:19', '11011', '1', '1'),
(553, 2, '400-12345671', 1, '2014-07-14 07:33:18', '2014-07-14 07:33:18', '11010', '1', '1'),
(552, 1, '400-12345670', 1, '2014-07-14 07:33:17', '2014-07-14 07:33:17', '11001', '1', '1'),
(551, 6, '400-12345675', 1, '2014-07-14 07:33:16', '2014-07-14 07:33:16', '11000', '1', '1'),
(550, 5, '400-12345674', 1, '2014-07-14 07:33:15', '2014-07-14 07:33:15', '10111', '1', '1'),
(549, 4, '400-12345673', 1, '2014-07-14 07:33:14', '2014-07-14 07:33:14', '10110', '1', '1'),
(548, 3, '400-12345672', 1, '2014-07-14 07:33:13', '2014-07-14 07:33:13', '10101', '1', '1'),
(547, 2, '400-12345671', 1, '2014-07-14 07:33:12', '2014-07-14 07:33:12', '10100', '1', '1'),
(546, 1, '400-12345670', 1, '2014-07-14 07:33:11', '2014-07-14 07:33:11', '10011', '1', '1'),
(545, 6, '400-12345675', 1, '2014-07-14 07:33:10', '2014-07-14 07:33:10', '10010', '1', '1'),
(544, 5, '400-12345674', 1, '2014-07-14 07:33:09', '2014-07-14 07:33:09', '10001', '1', '1'),
(543, 4, '400-12345673', 1, '2014-07-14 07:33:08', '2014-07-14 07:33:08', '10000', '1', '1'),
(542, 3, '400-12345672', 1, '2014-07-14 07:33:07', '2014-07-14 07:33:07', '1111', '1', '1'),
(541, 2, '400-12345671', 1, '2014-07-14 07:33:06', '2014-07-14 07:33:06', '1110', '1', '1'),
(540, 1, '400-12345670', 1, '2014-07-14 07:33:05', '2014-07-14 07:33:05', '1101', '1', '1'),
(539, 6, '400-12345675', 1, '2014-07-14 07:33:04', '2014-07-14 07:33:04', '1100', '1', '1'),
(538, 5, '400-12345674', 1, '2014-07-14 07:33:03', '2014-07-14 07:33:03', '1011', '1', '1'),
(537, 4, '400-12345673', 1, '2014-07-14 07:33:02', '2014-07-14 07:33:02', '1010', '1', '1'),
(536, 3, '400-12345672', 1, '2014-07-14 07:33:01', '2014-07-14 07:33:01', '1001', '1', '1'),
(535, 2, '400-12345671', 1, '2014-07-14 07:33:00', '2014-07-14 07:33:00', '1000', '1', '1'),
(534, 1, '400-12345670', 1, '2014-07-14 07:32:58', '2014-07-14 07:32:58', '111', '1', '1'),
(533, 6, '400-12345675', 1, '2014-07-14 07:32:57', '2014-07-14 07:32:57', '110', '1', '1'),
(532, 5, '400-12345674', 1, '2014-07-14 07:32:56', '2014-07-14 07:32:56', '101', '1', '1'),
(531, 4, '400-12345673', 1, '2014-07-14 07:32:55', '2014-07-14 07:32:55', '100', '1', '1'),
(530, 3, '400-12345672', 1, '2014-07-14 07:32:54', '2014-07-14 07:32:54', '11', '1', '1'),
(529, 2, '400-12345671', 1, '2014-07-14 07:32:53', '2014-07-14 07:32:53', '10', '1', '1'),
(528, 1, '400-12345670', 1, '2014-07-14 07:32:52', '2014-07-14 07:32:52', '1', '1', '1'),
(527, 6, '400-12345675', 1, '2014-07-14 07:32:51', '2014-07-14 07:32:51', '0', '1', '1'),
(526, 5, '400-12345674', 1, '2014-07-14 07:32:50', '2014-07-14 07:32:50', '11110', '1', '1'),
(525, 4, '400-12345673', 1, '2014-07-14 07:32:49', '2014-07-14 07:32:49', '11101', '1', '1'),
(524, 3, '400-12345672', 1, '2014-07-14 07:32:48', '2014-07-14 07:32:48', '11100', '1', '1'),
(523, 2, '400-12345671', 1, '2014-07-14 07:32:47', '2014-07-14 07:32:47', '11011', '1', '1'),
(522, 1, '400-12345670', 1, '2014-07-14 07:32:46', '2014-07-14 07:32:46', '11010', '1', '1'),
(521, 6, '400-12345675', 1, '2014-07-14 07:32:45', '2014-07-14 07:32:45', '11001', '1', '1'),
(520, 5, '400-12345674', 1, '2014-07-14 07:32:44', '2014-07-14 07:32:44', '11000', '1', '1'),
(519, 4, '400-12345673', 1, '2014-07-14 07:32:43', '2014-07-14 07:32:43', '10111', '1', '1'),
(518, 3, '400-12345672', 1, '2014-07-14 07:32:42', '2014-07-14 07:32:42', '10110', '1', '1'),
(517, 2, '400-12345671', 1, '2014-07-14 07:32:41', '2014-07-14 07:32:41', '10101', '1', '1'),
(516, 1, '400-12345670', 1, '2014-07-14 07:32:40', '2014-07-14 07:32:40', '10100', '1', '1'),
(515, 6, '400-12345675', 1, '2014-07-14 07:32:39', '2014-07-14 07:32:39', '10011', '1', '1'),
(514, 5, '400-12345674', 1, '2014-07-14 07:32:38', '2014-07-14 07:32:38', '10010', '1', '1'),
(513, 4, '400-12345673', 1, '2014-07-14 07:32:37', '2014-07-14 07:32:37', '10001', '1', '1'),
(512, 3, '400-12345672', 1, '2014-07-14 07:32:36', '2014-07-14 07:32:36', '10000', '1', '1'),
(511, 2, '400-12345671', 1, '2014-07-14 07:32:35', '2014-07-14 07:32:35', '1111', '1', '1'),
(510, 1, '400-12345670', 1, '2014-07-14 07:32:34', '2014-07-14 07:32:34', '1110', '1', '1'),
(509, 6, '400-12345675', 1, '2014-07-14 07:32:33', '2014-07-14 07:32:33', '1101', '1', '1'),
(508, 5, '400-12345674', 1, '2014-07-14 07:32:32', '2014-07-14 07:32:32', '1100', '1', '1'),
(507, 4, '400-12345673', 1, '2014-07-14 07:32:31', '2014-07-14 07:32:31', '1011', '1', '1'),
(506, 3, '400-12345672', 1, '2014-07-14 07:32:30', '2014-07-14 07:32:30', '1010', '1', '1'),
(505, 2, '400-12345671', 1, '2014-07-14 07:32:29', '2014-07-14 07:32:29', '1001', '1', '1'),
(504, 1, '400-12345670', 1, '2014-07-14 07:32:28', '2014-07-14 07:32:28', '1000', '1', '1'),
(503, 6, '400-12345675', 1, '2014-07-14 07:32:27', '2014-07-14 07:32:27', '111', '1', '1'),
(502, 5, '400-12345674', 1, '2014-07-14 07:32:26', '2014-07-14 07:32:26', '110', '1', '1'),
(501, 4, '400-12345673', 1, '2014-07-14 07:32:25', '2014-07-14 07:32:25', '101', '1', '1'),
(500, 3, '400-12345672', 1, '2014-07-14 07:32:23', '2014-07-14 07:32:23', '100', '1', '1'),
(499, 2, '400-12345671', 1, '2014-07-14 07:32:22', '2014-07-14 07:32:22', '11', '1', '1'),
(498, 1, '400-12345670', 1, '2014-07-14 07:32:21', '2014-07-14 07:32:21', '10', '1', '1'),
(497, 6, '400-12345675', 1, '2014-07-14 07:32:20', '2014-07-14 07:32:20', '1', '1', '1'),
(496, 5, '400-12345674', 1, '2014-07-14 07:32:19', '2014-07-14 07:32:19', '0', '1', '1'),
(495, 4, '400-12345673', 1, '2014-07-14 07:32:18', '2014-07-14 07:32:18', '11110', '1', '1'),
(494, 3, '400-12345672', 1, '2014-07-14 07:32:17', '2014-07-14 07:32:17', '11101', '1', '1'),
(493, 2, '400-12345671', 1, '2014-07-14 07:32:16', '2014-07-14 07:32:16', '11100', '1', '1'),
(492, 1, '400-12345670', 1, '2014-07-14 07:32:15', '2014-07-14 07:32:15', '11011', '1', '1'),
(491, 6, '400-12345675', 1, '2014-07-14 07:32:14', '2014-07-14 07:32:14', '11010', '1', '1'),
(490, 5, '400-12345674', 1, '2014-07-14 07:32:13', '2014-07-14 07:32:13', '11001', '1', '1'),
(489, 4, '400-12345673', 1, '2014-07-14 07:32:12', '2014-07-14 07:32:12', '11000', '1', '1'),
(488, 3, '400-12345672', 1, '2014-07-14 07:32:11', '2014-07-14 07:32:11', '10111', '1', '1'),
(487, 2, '400-12345671', 1, '2014-07-14 07:32:10', '2014-07-14 07:32:10', '10110', '1', '1'),
(486, 1, '400-12345670', 1, '2014-07-14 07:32:09', '2014-07-14 07:32:09', '10101', '1', '1'),
(485, 6, '400-12345675', 1, '2014-07-14 07:32:08', '2014-07-14 07:32:08', '10100', '1', '1'),
(484, 5, '400-12345674', 1, '2014-07-14 07:32:07', '2014-07-14 07:32:07', '10011', '1', '1'),
(483, 4, '400-12345673', 1, '2014-07-14 07:32:06', '2014-07-14 07:32:06', '10010', '1', '1'),
(482, 3, '400-12345672', 1, '2014-07-14 07:32:05', '2014-07-14 07:32:05', '10001', '1', '1'),
(481, 2, '400-12345671', 1, '2014-07-14 07:32:04', '2014-07-14 07:32:04', '10000', '1', '1'),
(480, 1, '400-12345670', 1, '2014-07-14 07:32:03', '2014-07-14 07:32:03', '1111', '1', '1'),
(479, 6, '400-12345675', 1, '2014-07-14 07:32:02', '2014-07-14 07:32:02', '1110', '1', '1'),
(478, 5, '400-12345674', 1, '2014-07-14 07:32:01', '2014-07-14 07:32:01', '1101', '1', '1'),
(477, 4, '400-12345673', 1, '2014-07-14 07:32:00', '2014-07-14 07:32:00', '1100', '1', '1'),
(476, 3, '400-12345672', 1, '2014-07-14 07:31:59', '2014-07-14 07:31:59', '1011', '1', '1'),
(475, 2, '400-12345671', 1, '2014-07-14 07:31:58', '2014-07-14 07:31:58', '1010', '1', '1'),
(474, 1, '400-12345670', 1, '2014-07-14 07:31:57', '2014-07-14 07:31:57', '1001', '1', '1'),
(473, 6, '400-12345675', 1, '2014-07-14 07:31:56', '2014-07-14 07:31:56', '1000', '1', '1'),
(472, 5, '400-12345674', 1, '2014-07-14 07:31:55', '2014-07-14 07:31:55', '111', '1', '1'),
(471, 4, '400-12345673', 1, '2014-07-14 07:31:54', '2014-07-14 07:31:54', '110', '1', '1'),
(470, 3, '400-12345672', 1, '2014-07-14 07:31:53', '2014-07-14 07:31:53', '101', '1', '1'),
(469, 2, '400-12345671', 1, '2014-07-14 07:31:52', '2014-07-14 07:31:52', '100', '1', '1'),
(468, 1, '400-12345670', 1, '2014-07-14 07:31:51', '2014-07-14 07:31:51', '11', '1', '1'),
(467, 6, '400-12345675', 1, '2014-07-14 07:31:50', '2014-07-14 07:31:50', '10', '1', '1'),
(466, 5, '400-12345674', 1, '2014-07-14 07:31:49', '2014-07-14 07:31:49', '1', '1', '1'),
(465, 4, '400-12345673', 1, '2014-07-14 07:31:48', '2014-07-14 07:31:48', '0', '1', '1'),
(464, 3, '400-12345672', 1, '2014-07-14 07:31:46', '2014-07-14 07:31:46', '11110', '1', '1'),
(463, 2, '400-12345671', 1, '2014-07-14 07:31:45', '2014-07-14 07:31:45', '11101', '1', '1'),
(462, 1, '400-12345670', 1, '2014-07-14 07:31:44', '2014-07-14 07:31:44', '11100', '1', '1'),
(461, 6, '400-12345675', 1, '2014-07-14 07:31:43', '2014-07-14 07:31:43', '11011', '1', '1'),
(460, 5, '400-12345674', 1, '2014-07-14 07:31:42', '2014-07-14 07:31:42', '11010', '1', '1'),
(459, 4, '400-12345673', 1, '2014-07-14 07:31:41', '2014-07-14 07:31:41', '11001', '1', '1'),
(458, 3, '400-12345672', 1, '2014-07-14 07:31:40', '2014-07-14 07:31:40', '11000', '1', '1'),
(457, 2, '400-12345671', 1, '2014-07-14 07:31:39', '2014-07-14 07:31:39', '10111', '1', '1');
INSERT INTO `gateupdates` (`updateID`, `GateID`, `IMEI`, `EventID`, `txTime`, `rxTime`, `flags`, `GPSstatus`, `GSM`) VALUES
(456, 1, '400-12345670', 1, '2014-07-14 07:31:38', '2014-07-14 07:31:38', '10110', '1', '1'),
(455, 6, '400-12345675', 1, '2014-07-14 07:31:37', '2014-07-14 07:31:37', '10101', '1', '1'),
(454, 5, '400-12345674', 1, '2014-07-14 07:31:36', '2014-07-14 07:31:36', '10100', '1', '1'),
(453, 4, '400-12345673', 1, '2014-07-14 07:31:35', '2014-07-14 07:31:35', '10011', '1', '1'),
(452, 3, '400-12345672', 1, '2014-07-14 07:31:34', '2014-07-14 07:31:34', '10010', '1', '1'),
(451, 2, '400-12345671', 1, '2014-07-14 07:31:33', '2014-07-14 07:31:33', '10001', '1', '1'),
(450, 1, '400-12345670', 1, '2014-07-14 07:31:32', '2014-07-14 07:31:32', '10000', '1', '1'),
(449, 6, '400-12345675', 1, '2014-07-14 07:31:31', '2014-07-14 07:31:31', '1111', '1', '1'),
(448, 5, '400-12345674', 1, '2014-07-14 07:31:30', '2014-07-14 07:31:30', '1110', '1', '1'),
(447, 4, '400-12345673', 1, '2014-07-14 07:31:29', '2014-07-14 07:31:29', '1101', '1', '1'),
(446, 3, '400-12345672', 1, '2014-07-14 07:31:28', '2014-07-14 07:31:28', '1100', '1', '1'),
(445, 2, '400-12345671', 1, '2014-07-14 07:31:27', '2014-07-14 07:31:27', '1011', '1', '1'),
(444, 1, '400-12345670', 1, '2014-07-14 07:31:26', '2014-07-14 07:31:26', '1010', '1', '1'),
(443, 6, '400-12345675', 1, '2014-07-14 07:31:25', '2014-07-14 07:31:25', '1001', '1', '1'),
(442, 5, '400-12345674', 1, '2014-07-14 07:31:24', '2014-07-14 07:31:24', '1000', '1', '1'),
(441, 4, '400-12345673', 1, '2014-07-14 07:31:23', '2014-07-14 07:31:23', '111', '1', '1'),
(440, 3, '400-12345672', 1, '2014-07-14 07:31:22', '2014-07-14 07:31:22', '110', '1', '1'),
(439, 2, '400-12345671', 1, '2014-07-14 07:31:21', '2014-07-14 07:31:21', '101', '1', '1'),
(438, 1, '400-12345670', 1, '2014-07-14 07:31:20', '2014-07-14 07:31:20', '100', '1', '1'),
(437, 6, '400-12345675', 1, '2014-07-14 07:31:19', '2014-07-14 07:31:19', '11', '1', '1'),
(436, 5, '400-12345674', 1, '2014-07-14 07:31:18', '2014-07-14 07:31:18', '10', '1', '1'),
(435, 4, '400-12345673', 1, '2014-07-14 07:31:17', '2014-07-14 07:31:17', '1', '1', '1'),
(434, 3, '400-12345672', 1, '2014-07-14 07:31:16', '2014-07-14 07:31:16', '0', '1', '1'),
(433, 2, '400-12345671', 1, '2014-07-14 07:31:15', '2014-07-14 07:31:15', '11110', '1', '1'),
(432, 1, '400-12345670', 1, '2014-07-14 07:31:14', '2014-07-14 07:31:14', '11101', '1', '1'),
(431, 6, '400-12345675', 1, '2014-07-14 07:31:13', '2014-07-14 07:31:13', '11100', '1', '1'),
(430, 5, '400-12345674', 1, '2014-07-14 07:31:12', '2014-07-14 07:31:12', '11011', '1', '1'),
(429, 4, '400-12345673', 1, '2014-07-14 07:31:10', '2014-07-14 07:31:10', '11010', '1', '1'),
(428, 3, '400-12345672', 1, '2014-07-14 07:31:09', '2014-07-14 07:31:09', '11001', '1', '1'),
(427, 2, '400-12345671', 1, '2014-07-14 07:31:08', '2014-07-14 07:31:08', '11000', '1', '1'),
(426, 1, '400-12345670', 1, '2014-07-14 07:31:07', '2014-07-14 07:31:07', '10111', '1', '1'),
(425, 6, '400-12345675', 1, '2014-07-14 07:31:06', '2014-07-14 07:31:06', '10110', '1', '1'),
(424, 5, '400-12345674', 1, '2014-07-14 07:31:05', '2014-07-14 07:31:05', '10101', '1', '1'),
(423, 4, '400-12345673', 1, '2014-07-14 07:31:04', '2014-07-14 07:31:04', '10100', '1', '1'),
(422, 3, '400-12345672', 1, '2014-07-14 07:31:03', '2014-07-14 07:31:03', '10011', '1', '1'),
(421, 2, '400-12345671', 1, '2014-07-14 07:31:02', '2014-07-14 07:31:02', '10010', '1', '1'),
(420, 1, '400-12345670', 1, '2014-07-14 07:31:01', '2014-07-14 07:31:01', '10001', '1', '1'),
(419, 6, '400-12345675', 1, '2014-07-14 07:31:00', '2014-07-14 07:31:00', '10000', '1', '1'),
(418, 5, '400-12345674', 1, '2014-07-14 07:30:59', '2014-07-14 07:30:59', '1111', '1', '1'),
(417, 4, '400-12345673', 1, '2014-07-14 07:30:58', '2014-07-14 07:30:58', '1110', '1', '1'),
(416, 3, '400-12345672', 1, '2014-07-14 07:30:57', '2014-07-14 07:30:57', '1101', '1', '1'),
(415, 2, '400-12345671', 1, '2014-07-14 07:30:56', '2014-07-14 07:30:56', '1100', '1', '1'),
(414, 1, '400-12345670', 1, '2014-07-14 07:30:55', '2014-07-14 07:30:55', '1011', '1', '1'),
(413, 6, '400-12345675', 1, '2014-07-14 07:30:54', '2014-07-14 07:30:54', '1010', '1', '1'),
(412, 5, '400-12345674', 1, '2014-07-14 07:30:53', '2014-07-14 07:30:53', '1001', '1', '1'),
(411, 4, '400-12345673', 1, '2014-07-14 07:30:52', '2014-07-14 07:30:52', '1000', '1', '1'),
(410, 3, '400-12345672', 1, '2014-07-14 07:30:51', '2014-07-14 07:30:51', '111', '1', '1'),
(409, 2, '400-12345671', 1, '2014-07-14 07:30:50', '2014-07-14 07:30:50', '110', '1', '1'),
(408, 1, '400-12345670', 1, '2014-07-14 07:30:49', '2014-07-14 07:30:49', '101', '1', '1'),
(407, 6, '400-12345675', 1, '2014-07-14 07:30:48', '2014-07-14 07:30:48', '100', '1', '1'),
(406, 5, '400-12345674', 1, '2014-07-14 07:30:47', '2014-07-14 07:30:47', '11', '1', '1'),
(405, 4, '400-12345673', 1, '2014-07-14 07:30:46', '2014-07-14 07:30:46', '10', '1', '1'),
(404, 3, '400-12345672', 1, '2014-07-14 07:30:45', '2014-07-14 07:30:45', '1', '1', '1'),
(403, 2, '400-12345671', 1, '2014-07-14 07:30:44', '2014-07-14 07:30:44', '0', '1', '1'),
(402, 1, '400-12345670', 1, '2014-07-14 07:30:43', '2014-07-14 07:30:43', '11110', '1', '1'),
(401, 6, '400-12345675', 1, '2014-07-14 07:30:42', '2014-07-14 07:30:42', '11101', '1', '1'),
(400, 5, '400-12345674', 1, '2014-07-14 07:30:41', '2014-07-14 07:30:41', '11100', '1', '1'),
(399, 4, '400-12345673', 1, '2014-07-14 07:30:40', '2014-07-14 07:30:40', '11011', '1', '1'),
(398, 3, '400-12345672', 1, '2014-07-14 07:30:39', '2014-07-14 07:30:39', '11010', '1', '1'),
(397, 2, '400-12345671', 1, '2014-07-14 07:30:38', '2014-07-14 07:30:38', '11001', '1', '1'),
(396, 1, '400-12345670', 1, '2014-07-14 07:30:37', '2014-07-14 07:30:37', '11000', '1', '1'),
(395, 6, '400-12345675', 1, '2014-07-14 07:30:36', '2014-07-14 07:30:36', '10111', '1', '1'),
(394, 5, '400-12345674', 1, '2014-07-14 07:30:34', '2014-07-14 07:30:34', '10110', '1', '1'),
(393, 4, '400-12345673', 1, '2014-07-14 07:30:33', '2014-07-14 07:30:33', '10101', '1', '1'),
(392, 3, '400-12345672', 1, '2014-07-14 07:30:32', '2014-07-14 07:30:32', '10100', '1', '1'),
(391, 2, '400-12345671', 1, '2014-07-14 07:30:31', '2014-07-14 07:30:31', '10011', '1', '1'),
(390, 1, '400-12345670', 1, '2014-07-14 07:30:30', '2014-07-14 07:30:30', '10010', '1', '1'),
(389, 6, '400-12345675', 1, '2014-07-14 07:30:29', '2014-07-14 07:30:29', '10001', '1', '1'),
(388, 5, '400-12345674', 1, '2014-07-14 07:30:28', '2014-07-14 07:30:28', '10000', '1', '1'),
(387, 4, '400-12345673', 1, '2014-07-14 07:30:27', '2014-07-14 07:30:27', '1111', '1', '1'),
(386, 3, '400-12345672', 1, '2014-07-14 07:30:26', '2014-07-14 07:30:26', '1110', '1', '1'),
(385, 2, '400-12345671', 1, '2014-07-14 07:30:25', '2014-07-14 07:30:25', '1101', '1', '1'),
(384, 1, '400-12345670', 1, '2014-07-14 07:30:24', '2014-07-14 07:30:24', '1100', '1', '1'),
(383, 6, '400-12345675', 1, '2014-07-14 07:30:23', '2014-07-14 07:30:23', '1011', '1', '1'),
(382, 5, '400-12345674', 1, '2014-07-14 07:30:22', '2014-07-14 07:30:22', '1010', '1', '1'),
(381, 4, '400-12345673', 1, '2014-07-14 07:30:21', '2014-07-14 07:30:21', '1001', '1', '1'),
(380, 3, '400-12345672', 1, '2014-07-14 07:30:20', '2014-07-14 07:30:20', '1000', '1', '1'),
(379, 2, '400-12345671', 1, '2014-07-14 07:30:19', '2014-07-14 07:30:19', '111', '1', '1'),
(378, 1, '400-12345670', 1, '2014-07-14 07:30:18', '2014-07-14 07:30:18', '110', '1', '1'),
(377, 6, '400-12345675', 1, '2014-07-14 07:30:17', '2014-07-14 07:30:17', '101', '1', '1'),
(376, 5, '400-12345674', 1, '2014-07-14 07:30:16', '2014-07-14 07:30:16', '100', '1', '1'),
(375, 4, '400-12345673', 1, '2014-07-14 07:30:15', '2014-07-14 07:30:15', '11', '1', '1'),
(374, 3, '400-12345672', 1, '2014-07-14 07:30:14', '2014-07-14 07:30:14', '10', '1', '1'),
(373, 2, '400-12345671', 1, '2014-07-14 07:30:13', '2014-07-14 07:30:13', '1', '1', '1'),
(372, 1, '400-12345670', 1, '2014-07-14 07:30:12', '2014-07-14 07:30:12', '0', '1', '1'),
(371, 6, '400-12345675', 1, '2014-07-14 07:30:11', '2014-07-14 07:30:11', '11110', '1', '1'),
(370, 5, '400-12345674', 1, '2014-07-14 07:30:10', '2014-07-14 07:30:10', '11101', '1', '1'),
(369, 4, '400-12345673', 1, '2014-07-14 07:30:09', '2014-07-14 07:30:09', '11100', '1', '1'),
(368, 3, '400-12345672', 1, '2014-07-14 07:30:08', '2014-07-14 07:30:08', '11011', '1', '1'),
(367, 2, '400-12345671', 1, '2014-07-14 07:30:07', '2014-07-14 07:30:07', '11010', '1', '1'),
(366, 1, '400-12345670', 1, '2014-07-14 07:30:06', '2014-07-14 07:30:06', '11001', '1', '1'),
(365, 6, '400-12345675', 1, '2014-07-14 07:30:05', '2014-07-14 07:30:05', '11000', '1', '1'),
(364, 5, '400-12345674', 1, '2014-07-14 07:30:04', '2014-07-14 07:30:04', '10111', '1', '1'),
(363, 4, '400-12345673', 1, '2014-07-14 07:30:03', '2014-07-14 07:30:03', '10110', '1', '1'),
(362, 3, '400-12345672', 1, '2014-07-14 07:30:02', '2014-07-14 07:30:02', '10101', '1', '1'),
(361, 2, '400-12345671', 1, '2014-07-14 07:30:01', '2014-07-14 07:30:01', '10100', '1', '1'),
(360, 1, '400-12345670', 1, '2014-07-14 07:29:59', '2014-07-14 07:29:59', '10011', '1', '1'),
(359, 6, '400-12345675', 1, '2014-07-14 07:29:58', '2014-07-14 07:29:58', '10010', '1', '1'),
(358, 5, '400-12345674', 1, '2014-07-14 07:29:57', '2014-07-14 07:29:57', '10001', '1', '1'),
(357, 4, '400-12345673', 1, '2014-07-14 07:29:56', '2014-07-14 07:29:56', '10000', '1', '1'),
(356, 3, '400-12345672', 1, '2014-07-14 07:29:55', '2014-07-14 07:29:55', '1111', '1', '1'),
(355, 2, '400-12345671', 1, '2014-07-14 07:29:54', '2014-07-14 07:29:54', '1110', '1', '1'),
(354, 1, '400-12345670', 1, '2014-07-14 07:29:53', '2014-07-14 07:29:53', '1101', '1', '1'),
(353, 6, '400-12345675', 1, '2014-07-14 07:29:52', '2014-07-14 07:29:52', '1100', '1', '1'),
(352, 5, '400-12345674', 1, '2014-07-14 07:29:51', '2014-07-14 07:29:51', '1011', '1', '1'),
(351, 4, '400-12345673', 1, '2014-07-14 07:29:50', '2014-07-14 07:29:50', '1010', '1', '1'),
(350, 3, '400-12345672', 1, '2014-07-14 07:29:49', '2014-07-14 07:29:49', '1001', '1', '1'),
(349, 2, '400-12345671', 1, '2014-07-14 07:29:48', '2014-07-14 07:29:48', '1000', '1', '1'),
(348, 1, '400-12345670', 1, '2014-07-14 07:29:47', '2014-07-14 07:29:47', '111', '1', '1'),
(347, 6, '400-12345675', 1, '2014-07-14 07:29:46', '2014-07-14 07:29:46', '110', '1', '1'),
(346, 5, '400-12345674', 1, '2014-07-14 07:29:45', '2014-07-14 07:29:45', '101', '1', '1'),
(345, 4, '400-12345673', 1, '2014-07-14 07:29:44', '2014-07-14 07:29:44', '100', '1', '1'),
(344, 3, '400-12345672', 1, '2014-07-14 07:29:43', '2014-07-14 07:29:43', '11', '1', '1'),
(343, 2, '400-12345671', 1, '2014-07-14 07:29:42', '2014-07-14 07:29:42', '10', '1', '1'),
(342, 1, '400-12345670', 1, '2014-07-14 07:29:41', '2014-07-14 07:29:41', '1', '1', '1'),
(341, 6, '400-12345675', 1, '2014-07-14 07:29:40', '2014-07-14 07:29:40', '0', '1', '1'),
(340, 5, '400-12345674', 1, '2014-07-14 07:29:39', '2014-07-14 07:29:39', '11110', '1', '1'),
(339, 4, '400-12345673', 1, '2014-07-14 07:29:38', '2014-07-14 07:29:38', '11101', '1', '1'),
(338, 3, '400-12345672', 1, '2014-07-14 07:29:37', '2014-07-14 07:29:37', '11100', '1', '1'),
(337, 2, '400-12345671', 1, '2014-07-14 07:29:36', '2014-07-14 07:29:36', '11011', '1', '1'),
(336, 1, '400-12345670', 1, '2014-07-14 07:29:35', '2014-07-14 07:29:35', '11010', '1', '1'),
(335, 6, '400-12345675', 1, '2014-07-14 07:29:34', '2014-07-14 07:29:34', '11001', '1', '1'),
(334, 5, '400-12345674', 1, '2014-07-14 07:29:33', '2014-07-14 07:29:33', '11000', '1', '1'),
(333, 4, '400-12345673', 1, '2014-07-14 07:29:32', '2014-07-14 07:29:32', '10111', '1', '1'),
(332, 3, '400-12345672', 1, '2014-07-14 07:29:31', '2014-07-14 07:29:31', '10110', '1', '1'),
(331, 2, '400-12345671', 1, '2014-07-14 07:29:30', '2014-07-14 07:29:30', '10101', '1', '1'),
(330, 1, '400-12345670', 1, '2014-07-14 07:29:29', '2014-07-14 07:29:29', '10100', '1', '1'),
(329, 6, '400-12345675', 1, '2014-07-14 07:29:28', '2014-07-14 07:29:28', '10011', '1', '1'),
(328, 5, '400-12345674', 1, '2014-07-14 07:29:27', '2014-07-14 07:29:27', '10010', '1', '1'),
(327, 4, '400-12345673', 1, '2014-07-14 07:29:26', '2014-07-14 07:29:26', '10001', '1', '1'),
(326, 3, '400-12345672', 1, '2014-07-14 07:29:24', '2014-07-14 07:29:24', '10000', '1', '1'),
(325, 2, '400-12345671', 1, '2014-07-14 07:29:23', '2014-07-14 07:29:23', '1111', '1', '1'),
(324, 1, '400-12345670', 1, '2014-07-14 07:29:22', '2014-07-14 07:29:22', '1110', '1', '1'),
(323, 6, '400-12345675', 1, '2014-07-14 07:29:21', '2014-07-14 07:29:21', '1101', '1', '1'),
(322, 5, '400-12345674', 1, '2014-07-14 07:29:20', '2014-07-14 07:29:20', '1100', '1', '1'),
(321, 4, '400-12345673', 1, '2014-07-14 07:29:19', '2014-07-14 07:29:19', '1011', '1', '1'),
(320, 3, '400-12345672', 1, '2014-07-14 07:29:18', '2014-07-14 07:29:18', '1010', '1', '1'),
(319, 2, '400-12345671', 1, '2014-07-14 07:29:17', '2014-07-14 07:29:17', '1001', '1', '1'),
(318, 1, '400-12345670', 1, '2014-07-14 07:29:16', '2014-07-14 07:29:16', '1000', '1', '1'),
(317, 6, '400-12345675', 1, '2014-07-14 07:29:15', '2014-07-14 07:29:15', '111', '1', '1'),
(316, 5, '400-12345674', 1, '2014-07-14 07:29:14', '2014-07-14 07:29:14', '110', '1', '1'),
(315, 4, '400-12345673', 1, '2014-07-14 07:29:13', '2014-07-14 07:29:13', '101', '1', '1'),
(314, 3, '400-12345672', 1, '2014-07-14 07:29:12', '2014-07-14 07:29:12', '100', '1', '1'),
(313, 2, '400-12345671', 1, '2014-07-14 07:29:11', '2014-07-14 07:29:11', '11', '1', '1'),
(312, 1, '400-12345670', 1, '2014-07-14 07:29:10', '2014-07-14 07:29:10', '10', '1', '1'),
(311, 6, '400-12345675', 1, '2014-07-14 07:29:09', '2014-07-14 07:29:09', '1', '1', '1'),
(310, 5, '400-12345674', 1, '2014-07-14 07:29:08', '2014-07-14 07:29:08', '0', '1', '1'),
(309, 4, '400-12345673', 1, '2014-07-14 07:29:07', '2014-07-14 07:29:07', '11110', '1', '1'),
(308, 3, '400-12345672', 1, '2014-07-14 07:29:06', '2014-07-14 07:29:06', '11101', '1', '1'),
(307, 2, '400-12345671', 1, '2014-07-14 07:29:05', '2014-07-14 07:29:05', '11100', '1', '1'),
(306, 1, '400-12345670', 1, '2014-07-14 07:29:04', '2014-07-14 07:29:04', '11011', '1', '1'),
(305, 6, '400-12345675', 1, '2014-07-14 07:29:03', '2014-07-14 07:29:03', '11010', '1', '1'),
(304, 5, '400-12345674', 1, '2014-07-14 07:29:02', '2014-07-14 07:29:02', '11001', '1', '1'),
(303, 4, '400-12345673', 1, '2014-07-14 07:29:01', '2014-07-14 07:29:01', '11000', '1', '1'),
(302, 3, '400-12345672', 1, '2014-07-14 07:29:00', '2014-07-14 07:29:00', '10111', '1', '1'),
(301, 2, '400-12345671', 1, '2014-07-14 07:28:59', '2014-07-14 07:28:59', '10110', '1', '1'),
(300, 1, '400-12345670', 1, '2014-07-14 07:28:58', '2014-07-14 07:28:58', '10101', '1', '1'),
(299, 6, '400-12345675', 1, '2014-07-14 07:28:57', '2014-07-14 07:28:57', '10100', '1', '1'),
(298, 5, '400-12345674', 1, '2014-07-14 07:28:56', '2014-07-14 07:28:56', '10011', '1', '1'),
(297, 4, '400-12345673', 1, '2014-07-14 07:28:55', '2014-07-14 07:28:55', '10010', '1', '1'),
(296, 3, '400-12345672', 1, '2014-07-14 07:28:54', '2014-07-14 07:28:54', '10001', '1', '1'),
(295, 2, '400-12345671', 1, '2014-07-14 07:28:53', '2014-07-14 07:28:53', '10000', '1', '1'),
(294, 1, '400-12345670', 1, '2014-07-14 07:28:52', '2014-07-14 07:28:52', '1111', '1', '1'),
(293, 6, '400-12345675', 1, '2014-07-14 07:28:50', '2014-07-14 07:28:50', '1110', '1', '1'),
(292, 5, '400-12345674', 1, '2014-07-14 07:28:49', '2014-07-14 07:28:49', '1101', '1', '1'),
(291, 4, '400-12345673', 1, '2014-07-14 07:28:48', '2014-07-14 07:28:48', '1100', '1', '1'),
(290, 3, '400-12345672', 1, '2014-07-14 07:28:47', '2014-07-14 07:28:47', '1011', '1', '1'),
(289, 2, '400-12345671', 1, '2014-07-14 07:28:46', '2014-07-14 07:28:46', '1010', '1', '1'),
(288, 1, '400-12345670', 1, '2014-07-14 07:28:45', '2014-07-14 07:28:45', '1001', '1', '1'),
(287, 6, '400-12345675', 1, '2014-07-14 07:28:44', '2014-07-14 07:28:44', '1000', '1', '1'),
(286, 5, '400-12345674', 1, '2014-07-14 07:28:43', '2014-07-14 07:28:43', '111', '1', '1'),
(285, 4, '400-12345673', 1, '2014-07-14 07:28:42', '2014-07-14 07:28:42', '110', '1', '1'),
(284, 3, '400-12345672', 1, '2014-07-14 07:28:41', '2014-07-14 07:28:41', '101', '1', '1'),
(283, 2, '400-12345671', 1, '2014-07-14 07:28:40', '2014-07-14 07:28:40', '100', '1', '1'),
(282, 1, '400-12345670', 1, '2014-07-14 07:28:39', '2014-07-14 07:28:39', '11', '1', '1'),
(281, 6, '400-12345675', 1, '2014-07-14 07:28:38', '2014-07-14 07:28:38', '10', '1', '1'),
(280, 5, '400-12345674', 1, '2014-07-14 07:28:37', '2014-07-14 07:28:37', '1', '1', '1'),
(279, 4, '400-12345673', 1, '2014-07-14 07:28:36', '2014-07-14 07:28:36', '0', '1', '1'),
(278, 3, '400-12345672', 1, '2014-07-14 07:28:35', '2014-07-14 07:28:35', '11110', '1', '1'),
(277, 2, '400-12345671', 1, '2014-07-14 07:28:34', '2014-07-14 07:28:34', '11101', '1', '1'),
(276, 1, '400-12345670', 1, '2014-07-14 07:28:33', '2014-07-14 07:28:33', '11100', '1', '1'),
(275, 6, '400-12345675', 1, '2014-07-14 07:28:32', '2014-07-14 07:28:32', '11011', '1', '1'),
(274, 5, '400-12345674', 1, '2014-07-14 07:28:31', '2014-07-14 07:28:31', '11010', '1', '1'),
(273, 4, '400-12345673', 1, '2014-07-14 07:28:30', '2014-07-14 07:28:30', '11001', '1', '1'),
(272, 3, '400-12345672', 1, '2014-07-14 07:28:29', '2014-07-14 07:28:29', '11000', '1', '1'),
(271, 2, '400-12345671', 1, '2014-07-14 07:28:28', '2014-07-14 07:28:28', '10111', '1', '1'),
(270, 1, '400-12345670', 1, '2014-07-14 07:28:27', '2014-07-14 07:28:27', '10110', '1', '1'),
(269, 6, '400-12345675', 1, '2014-07-14 07:28:26', '2014-07-14 07:28:26', '10101', '1', '1'),
(268, 5, '400-12345674', 1, '2014-07-14 07:28:25', '2014-07-14 07:28:25', '10100', '1', '1'),
(267, 4, '400-12345673', 1, '2014-07-14 07:28:24', '2014-07-14 07:28:24', '10011', '1', '1'),
(266, 3, '400-12345672', 1, '2014-07-14 07:28:23', '2014-07-14 07:28:23', '10010', '1', '1'),
(265, 2, '400-12345671', 1, '2014-07-14 07:28:22', '2014-07-14 07:28:22', '10001', '1', '1'),
(264, 1, '400-12345670', 1, '2014-07-14 07:28:21', '2014-07-14 07:28:21', '10000', '1', '1'),
(263, 6, '400-12345675', 1, '2014-07-14 07:28:20', '2014-07-14 07:28:20', '1111', '1', '1'),
(262, 5, '400-12345674', 1, '2014-07-14 07:28:19', '2014-07-14 07:28:19', '1110', '1', '1'),
(261, 4, '400-12345673', 1, '2014-07-14 07:28:18', '2014-07-14 07:28:18', '1101', '1', '1'),
(260, 3, '400-12345672', 1, '2014-07-14 07:28:17', '2014-07-14 07:28:17', '1100', '1', '1'),
(259, 2, '400-12345671', 1, '2014-07-14 07:28:15', '2014-07-14 07:28:15', '1011', '1', '1'),
(258, 1, '400-12345670', 1, '2014-07-14 07:28:14', '2014-07-14 07:28:14', '1010', '1', '1'),
(257, 6, '400-12345675', 1, '2014-07-14 07:28:13', '2014-07-14 07:28:13', '1001', '1', '1'),
(256, 5, '400-12345674', 1, '2014-07-14 07:28:12', '2014-07-14 07:28:12', '1000', '1', '1'),
(255, 4, '400-12345673', 1, '2014-07-14 07:28:11', '2014-07-14 07:28:11', '111', '1', '1'),
(254, 3, '400-12345672', 1, '2014-07-14 07:28:10', '2014-07-14 07:28:10', '110', '1', '1'),
(253, 2, '400-12345671', 1, '2014-07-14 07:28:09', '2014-07-14 07:28:09', '101', '1', '1'),
(252, 1, '400-12345670', 1, '2014-07-14 07:28:08', '2014-07-14 07:28:08', '100', '1', '1'),
(251, 6, '400-12345675', 1, '2014-07-14 07:28:07', '2014-07-14 07:28:07', '11', '1', '1'),
(250, 5, '400-12345674', 1, '2014-07-14 07:28:06', '2014-07-14 07:28:06', '10', '1', '1'),
(249, 4, '400-12345673', 1, '2014-07-14 07:28:05', '2014-07-14 07:28:05', '1', '1', '1'),
(248, 3, '400-12345672', 1, '2014-07-14 07:28:04', '2014-07-14 07:28:04', '0', '1', '1'),
(247, 2, '400-12345671', 1, '2014-07-14 07:28:03', '2014-07-14 07:28:03', '11110', '1', '1'),
(246, 1, '400-12345670', 1, '2014-07-14 07:28:02', '2014-07-14 07:28:02', '11101', '1', '1'),
(245, 6, '400-12345675', 1, '2014-07-14 07:28:01', '2014-07-14 07:28:01', '11100', '1', '1'),
(244, 5, '400-12345674', 1, '2014-07-14 07:28:00', '2014-07-14 07:28:00', '11011', '1', '1'),
(243, 4, '400-12345673', 1, '2014-07-14 07:27:59', '2014-07-14 07:27:59', '11010', '1', '1'),
(242, 3, '400-12345672', 1, '2014-07-14 07:27:58', '2014-07-14 07:27:58', '11001', '1', '1'),
(241, 2, '400-12345671', 1, '2014-07-14 07:27:57', '2014-07-14 07:27:57', '11000', '1', '1'),
(240, 1, '400-12345670', 1, '2014-07-14 07:27:56', '2014-07-14 07:27:56', '10111', '1', '1'),
(239, 6, '400-12345675', 1, '2014-07-14 07:27:55', '2014-07-14 07:27:55', '10110', '1', '1'),
(238, 5, '400-12345674', 1, '2014-07-14 07:27:54', '2014-07-14 07:27:54', '10101', '1', '1'),
(237, 4, '400-12345673', 1, '2014-07-14 07:27:53', '2014-07-14 07:27:53', '10100', '1', '1'),
(236, 3, '400-12345672', 1, '2014-07-14 07:27:52', '2014-07-14 07:27:52', '10011', '1', '1'),
(235, 2, '400-12345671', 1, '2014-07-14 07:27:51', '2014-07-14 07:27:51', '10010', '1', '1'),
(234, 1, '400-12345670', 1, '2014-07-14 07:27:50', '2014-07-14 07:27:50', '10001', '1', '1'),
(233, 6, '400-12345675', 1, '2014-07-14 07:27:49', '2014-07-14 07:27:49', '10000', '1', '1'),
(232, 5, '400-12345674', 1, '2014-07-14 07:27:48', '2014-07-14 07:27:48', '1111', '1', '1'),
(231, 4, '400-12345673', 1, '2014-07-14 07:27:47', '2014-07-14 07:27:47', '1110', '1', '1'),
(230, 3, '400-12345672', 1, '2014-07-14 07:27:46', '2014-07-14 07:27:46', '1101', '1', '1'),
(229, 2, '400-12345671', 1, '2014-07-14 07:27:45', '2014-07-14 07:27:45', '1100', '1', '1'),
(228, 1, '400-12345670', 1, '2014-07-14 07:27:44', '2014-07-14 07:27:44', '1011', '1', '1'),
(227, 6, '400-12345675', 1, '2014-07-14 07:27:43', '2014-07-14 07:27:43', '1010', '1', '1'),
(226, 5, '400-12345674', 1, '2014-07-14 07:27:41', '2014-07-14 07:27:41', '1001', '1', '1'),
(225, 4, '400-12345673', 1, '2014-07-14 07:27:40', '2014-07-14 07:27:40', '1000', '1', '1'),
(224, 3, '400-12345672', 1, '2014-07-14 07:27:39', '2014-07-14 07:27:39', '111', '1', '1'),
(223, 2, '400-12345671', 1, '2014-07-14 07:27:38', '2014-07-14 07:27:38', '110', '1', '1'),
(222, 1, '400-12345670', 1, '2014-07-14 07:27:37', '2014-07-14 07:27:37', '101', '1', '1'),
(221, 6, '400-12345675', 1, '2014-07-14 07:27:36', '2014-07-14 07:27:36', '100', '1', '1'),
(220, 5, '400-12345674', 1, '2014-07-14 07:27:35', '2014-07-14 07:27:35', '11', '1', '1'),
(219, 4, '400-12345673', 1, '2014-07-14 07:27:34', '2014-07-14 07:27:34', '10', '1', '1'),
(218, 3, '400-12345672', 1, '2014-07-14 07:27:33', '2014-07-14 07:27:33', '1', '1', '1'),
(217, 2, '400-12345671', 1, '2014-07-14 07:27:32', '2014-07-14 07:27:32', '0', '1', '1'),
(216, 1, '400-12345670', 1, '2014-07-14 07:27:31', '2014-07-14 07:27:31', '11110', '1', '1'),
(215, 6, '400-12345675', 1, '2014-07-14 07:27:30', '2014-07-14 07:27:30', '11101', '1', '1'),
(214, 5, '400-12345674', 1, '2014-07-14 07:27:29', '2014-07-14 07:27:29', '11100', '1', '1'),
(213, 4, '400-12345673', 1, '2014-07-14 07:27:28', '2014-07-14 07:27:28', '11011', '1', '1'),
(212, 3, '400-12345672', 1, '2014-07-14 07:27:27', '2014-07-14 07:27:27', '11010', '1', '1'),
(211, 2, '400-12345671', 1, '2014-07-14 07:27:26', '2014-07-14 07:27:26', '11001', '1', '1'),
(210, 1, '400-12345670', 1, '2014-07-14 07:27:25', '2014-07-14 07:27:25', '11000', '1', '1'),
(209, 6, '400-12345675', 1, '2014-07-14 07:27:24', '2014-07-14 07:27:24', '10111', '1', '1'),
(208, 5, '400-12345674', 1, '2014-07-14 07:27:23', '2014-07-14 07:27:23', '10110', '1', '1'),
(207, 4, '400-12345673', 1, '2014-07-14 07:27:22', '2014-07-14 07:27:22', '10101', '1', '1'),
(206, 3, '400-12345672', 1, '2014-07-14 07:27:21', '2014-07-14 07:27:21', '10100', '1', '1'),
(205, 2, '400-12345671', 1, '2014-07-14 07:27:20', '2014-07-14 07:27:20', '10011', '1', '1'),
(204, 1, '400-12345670', 1, '2014-07-14 07:27:19', '2014-07-14 07:27:19', '10010', '1', '1'),
(203, 6, '400-12345675', 1, '2014-07-14 07:27:18', '2014-07-14 07:27:18', '10001', '1', '1'),
(202, 5, '400-12345674', 1, '2014-07-14 07:27:17', '2014-07-14 07:27:17', '10000', '1', '1'),
(201, 4, '400-12345673', 1, '2014-07-14 07:27:16', '2014-07-14 07:27:16', '1111', '1', '1'),
(200, 3, '400-12345672', 1, '2014-07-14 07:27:15', '2014-07-14 07:27:15', '1110', '1', '1'),
(199, 2, '400-12345671', 1, '2014-07-14 07:27:14', '2014-07-14 07:27:14', '1101', '1', '1'),
(198, 1, '400-12345670', 1, '2014-07-14 07:27:13', '2014-07-14 07:27:13', '1100', '1', '1'),
(197, 6, '400-12345675', 1, '2014-07-14 07:27:12', '2014-07-14 07:27:12', '1011', '1', '1'),
(196, 5, '400-12345674', 1, '2014-07-14 07:27:11', '2014-07-14 07:27:11', '1010', '1', '1'),
(195, 4, '400-12345673', 1, '2014-07-14 07:27:10', '2014-07-14 07:27:10', '1001', '1', '1'),
(194, 3, '400-12345672', 1, '2014-07-14 07:27:09', '2014-07-14 07:27:09', '1000', '1', '1'),
(193, 2, '400-12345671', 1, '2014-07-14 07:27:08', '2014-07-14 07:27:08', '111', '1', '1'),
(192, 1, '400-12345670', 1, '2014-07-14 07:27:06', '2014-07-14 07:27:06', '110', '1', '1'),
(191, 6, '400-12345675', 1, '2014-07-14 07:27:05', '2014-07-14 07:27:05', '101', '1', '1'),
(190, 5, '400-12345674', 1, '2014-07-14 07:27:04', '2014-07-14 07:27:04', '100', '1', '1'),
(189, 4, '400-12345673', 1, '2014-07-14 07:27:03', '2014-07-14 07:27:03', '11', '1', '1'),
(188, 3, '400-12345672', 1, '2014-07-14 07:27:02', '2014-07-14 07:27:02', '10', '1', '1'),
(187, 2, '400-12345671', 1, '2014-07-14 07:27:01', '2014-07-14 07:27:01', '1', '1', '1'),
(186, 1, '400-12345670', 1, '2014-07-14 07:27:00', '2014-07-14 07:27:00', '0', '1', '1'),
(185, 6, '400-12345675', 1, '2014-07-14 07:26:59', '2014-07-14 07:26:59', '11110', '1', '1'),
(184, 5, '400-12345674', 1, '2014-07-14 07:26:58', '2014-07-14 07:26:58', '11101', '1', '1'),
(183, 4, '400-12345673', 1, '2014-07-14 07:26:57', '2014-07-14 07:26:57', '11100', '1', '1'),
(182, 3, '400-12345672', 1, '2014-07-14 07:26:56', '2014-07-14 07:26:56', '11011', '1', '1'),
(181, 2, '400-12345671', 1, '2014-07-14 07:26:55', '2014-07-14 07:26:55', '11010', '1', '1'),
(180, 1, '400-12345670', 1, '2014-07-14 07:26:54', '2014-07-14 07:26:54', '11001', '1', '1'),
(179, 6, '400-12345675', 1, '2014-07-14 07:26:53', '2014-07-14 07:26:53', '11000', '1', '1'),
(178, 5, '400-12345674', 1, '2014-07-14 07:26:52', '2014-07-14 07:26:52', '10111', '1', '1'),
(177, 4, '400-12345673', 1, '2014-07-14 07:26:51', '2014-07-14 07:26:51', '10110', '1', '1'),
(176, 3, '400-12345672', 1, '2014-07-14 07:26:50', '2014-07-14 07:26:50', '10101', '1', '1'),
(175, 2, '400-12345671', 1, '2014-07-14 07:26:49', '2014-07-14 07:26:49', '10100', '1', '1'),
(174, 1, '400-12345670', 1, '2014-07-14 07:26:48', '2014-07-14 07:26:48', '10011', '1', '1'),
(173, 6, '400-12345675', 1, '2014-07-14 07:26:47', '2014-07-14 07:26:47', '10010', '1', '1'),
(172, 5, '400-12345674', 1, '2014-07-14 07:26:46', '2014-07-14 07:26:46', '10001', '1', '1'),
(171, 4, '400-12345673', 1, '2014-07-14 07:26:45', '2014-07-14 07:26:45', '10000', '1', '1'),
(170, 3, '400-12345672', 1, '2014-07-14 07:26:44', '2014-07-14 07:26:44', '1111', '1', '1'),
(169, 2, '400-12345671', 1, '2014-07-14 07:26:43', '2014-07-14 07:26:43', '1110', '1', '1'),
(168, 1, '400-12345670', 1, '2014-07-14 07:26:42', '2014-07-14 07:26:42', '1101', '1', '1'),
(167, 6, '400-12345675', 1, '2014-07-14 07:26:41', '2014-07-14 07:26:41', '1100', '1', '1'),
(166, 5, '400-12345674', 1, '2014-07-14 07:26:40', '2014-07-14 07:26:40', '1011', '1', '1'),
(165, 4, '400-12345673', 1, '2014-07-14 07:26:39', '2014-07-14 07:26:39', '1010', '1', '1'),
(164, 3, '400-12345672', 1, '2014-07-14 07:26:38', '2014-07-14 07:26:38', '1001', '1', '1'),
(163, 2, '400-12345671', 1, '2014-07-14 07:26:37', '2014-07-14 07:26:37', '1000', '1', '1'),
(162, 1, '400-12345670', 1, '2014-07-14 07:26:36', '2014-07-14 07:26:36', '111', '1', '1'),
(161, 6, '400-12345675', 1, '2014-07-14 07:26:35', '2014-07-14 07:26:35', '110', '1', '1'),
(160, 5, '400-12345674', 1, '2014-07-14 07:26:34', '2014-07-14 07:26:34', '101', '1', '1'),
(159, 4, '400-12345673', 1, '2014-07-14 07:26:33', '2014-07-14 07:26:33', '100', '1', '1'),
(158, 3, '400-12345672', 1, '2014-07-14 07:26:31', '2014-07-14 07:26:31', '11', '1', '1'),
(157, 2, '400-12345671', 1, '2014-07-14 07:26:30', '2014-07-14 07:26:30', '10', '1', '1'),
(156, 1, '400-12345670', 1, '2014-07-14 07:26:29', '2014-07-14 07:26:29', '1', '1', '1'),
(155, 6, '400-12345675', 1, '2014-07-14 07:26:28', '2014-07-14 07:26:28', '0', '1', '1'),
(154, 5, '400-12345674', 1, '2014-07-14 07:26:27', '2014-07-14 07:26:27', '11110', '1', '1'),
(153, 4, '400-12345673', 1, '2014-07-14 07:26:26', '2014-07-14 07:26:26', '11101', '1', '1'),
(152, 3, '400-12345672', 1, '2014-07-14 07:26:25', '2014-07-14 07:26:25', '11100', '1', '1'),
(151, 2, '400-12345671', 1, '2014-07-14 07:26:24', '2014-07-14 07:26:24', '11011', '1', '1'),
(150, 1, '400-12345670', 1, '2014-07-14 07:26:23', '2014-07-14 07:26:23', '11010', '1', '1'),
(149, 6, '400-12345675', 1, '2014-07-14 07:26:22', '2014-07-14 07:26:22', '11001', '1', '1'),
(148, 5, '400-12345674', 1, '2014-07-14 07:26:21', '2014-07-14 07:26:21', '11000', '1', '1'),
(147, 4, '400-12345673', 1, '2014-07-14 07:26:20', '2014-07-14 07:26:20', '10111', '1', '1'),
(146, 3, '400-12345672', 1, '2014-07-14 07:26:19', '2014-07-14 07:26:19', '10110', '1', '1'),
(145, 2, '400-12345671', 1, '2014-07-14 07:26:18', '2014-07-14 07:26:18', '10101', '1', '1'),
(144, 1, '400-12345670', 1, '2014-07-14 07:26:17', '2014-07-14 07:26:17', '10100', '1', '1'),
(143, 6, '400-12345675', 1, '2014-07-14 07:26:16', '2014-07-14 07:26:16', '10011', '1', '1'),
(142, 5, '400-12345674', 1, '2014-07-14 07:26:15', '2014-07-14 07:26:15', '10010', '1', '1'),
(141, 4, '400-12345673', 1, '2014-07-14 07:26:14', '2014-07-14 07:26:14', '10001', '1', '1'),
(140, 3, '400-12345672', 1, '2014-07-14 07:26:13', '2014-07-14 07:26:13', '10000', '1', '1'),
(139, 2, '400-12345671', 1, '2014-07-14 07:26:12', '2014-07-14 07:26:12', '1111', '1', '1'),
(138, 1, '400-12345670', 1, '2014-07-14 07:26:11', '2014-07-14 07:26:11', '1110', '1', '1'),
(137, 6, '400-12345675', 1, '2014-07-14 07:26:10', '2014-07-14 07:26:10', '1101', '1', '1'),
(136, 5, '400-12345674', 1, '2014-07-14 07:26:09', '2014-07-14 07:26:09', '1100', '1', '1'),
(135, 4, '400-12345673', 1, '2014-07-14 07:26:08', '2014-07-14 07:26:08', '1011', '1', '1'),
(134, 3, '400-12345672', 1, '2014-07-14 07:26:07', '2014-07-14 07:26:07', '1010', '1', '1'),
(133, 2, '400-12345671', 1, '2014-07-14 07:26:06', '2014-07-14 07:26:06', '1001', '1', '1'),
(132, 1, '400-12345670', 1, '2014-07-14 07:26:05', '2014-07-14 07:26:05', '1000', '1', '1'),
(131, 6, '400-12345675', 1, '2014-07-14 07:26:04', '2014-07-14 07:26:04', '111', '1', '1'),
(130, 5, '400-12345674', 1, '2014-07-14 07:26:03', '2014-07-14 07:26:03', '110', '1', '1'),
(129, 4, '400-12345673', 1, '2014-07-14 07:26:02', '2014-07-14 07:26:02', '101', '1', '1'),
(128, 3, '400-12345672', 1, '2014-07-14 07:26:01', '2014-07-14 07:26:01', '100', '1', '1'),
(127, 2, '400-12345671', 1, '2014-07-14 07:26:00', '2014-07-14 07:26:00', '11', '1', '1'),
(126, 1, '400-12345670', 1, '2014-07-14 07:25:59', '2014-07-14 07:25:59', '10', '1', '1'),
(125, 6, '400-12345675', 1, '2014-07-14 07:25:58', '2014-07-14 07:25:58', '1', '1', '1'),
(124, 5, '400-12345674', 1, '2014-07-14 07:25:56', '2014-07-14 07:25:56', '0', '1', '1'),
(123, 4, '400-12345673', 1, '2014-07-14 07:25:55', '2014-07-14 07:25:55', '11110', '1', '1'),
(122, 3, '400-12345672', 1, '2014-07-14 07:25:54', '2014-07-14 07:25:54', '11101', '1', '1'),
(121, 2, '400-12345671', 1, '2014-07-14 07:25:53', '2014-07-14 07:25:53', '11100', '1', '1'),
(120, 1, '400-12345670', 1, '2014-07-14 07:25:52', '2014-07-14 07:25:52', '11011', '1', '1'),
(119, 6, '400-12345675', 1, '2014-07-14 07:25:51', '2014-07-14 07:25:51', '11010', '1', '1'),
(118, 5, '400-12345674', 1, '2014-07-14 07:25:50', '2014-07-14 07:25:50', '11001', '1', '1'),
(117, 4, '400-12345673', 1, '2014-07-14 07:25:49', '2014-07-14 07:25:49', '11000', '1', '1'),
(116, 3, '400-12345672', 1, '2014-07-14 07:25:48', '2014-07-14 07:25:48', '10111', '1', '1'),
(115, 2, '400-12345671', 1, '2014-07-14 07:25:47', '2014-07-14 07:25:47', '10110', '1', '1'),
(114, 1, '400-12345670', 1, '2014-07-14 07:25:46', '2014-07-14 07:25:46', '10101', '1', '1'),
(113, 6, '400-12345675', 1, '2014-07-14 07:25:45', '2014-07-14 07:25:45', '10100', '1', '1'),
(112, 5, '400-12345674', 1, '2014-07-14 07:25:44', '2014-07-14 07:25:44', '10011', '1', '1'),
(111, 4, '400-12345673', 1, '2014-07-14 07:25:43', '2014-07-14 07:25:43', '10010', '1', '1'),
(110, 3, '400-12345672', 1, '2014-07-14 07:25:42', '2014-07-14 07:25:42', '10001', '1', '1'),
(109, 2, '400-12345671', 1, '2014-07-14 07:25:41', '2014-07-14 07:25:41', '10000', '1', '1'),
(108, 1, '400-12345670', 1, '2014-07-14 07:25:40', '2014-07-14 07:25:40', '1111', '1', '1'),
(107, 6, '400-12345675', 1, '2014-07-14 07:25:39', '2014-07-14 07:25:39', '1110', '1', '1'),
(106, 5, '400-12345674', 1, '2014-07-14 07:25:38', '2014-07-14 07:25:38', '1101', '1', '1'),
(105, 4, '400-12345673', 1, '2014-07-14 07:25:37', '2014-07-14 07:25:37', '1100', '1', '1'),
(104, 3, '400-12345672', 1, '2014-07-14 07:25:36', '2014-07-14 07:25:36', '1011', '1', '1'),
(103, 2, '400-12345671', 1, '2014-07-14 07:25:35', '2014-07-14 07:25:35', '1010', '1', '1'),
(102, 1, '400-12345670', 1, '2014-07-14 07:25:34', '2014-07-14 07:25:34', '1001', '1', '1'),
(101, 6, '400-12345675', 1, '2014-07-14 07:25:33', '2014-07-14 07:25:33', '1000', '1', '1'),
(100, 5, '400-12345674', 1, '2014-07-14 07:25:32', '2014-07-14 07:25:32', '111', '1', '1'),
(99, 4, '400-12345673', 1, '2014-07-14 07:25:31', '2014-07-14 07:25:31', '110', '1', '1'),
(98, 3, '400-12345672', 1, '2014-07-14 07:25:30', '2014-07-14 07:25:30', '101', '1', '1'),
(97, 2, '400-12345671', 1, '2014-07-14 07:25:29', '2014-07-14 07:25:29', '100', '1', '1'),
(96, 1, '400-12345670', 1, '2014-07-14 07:25:28', '2014-07-14 07:25:28', '11', '1', '1'),
(95, 6, '400-12345675', 1, '2014-07-14 07:25:27', '2014-07-14 07:25:27', '10', '1', '1'),
(94, 5, '400-12345674', 1, '2014-07-14 07:25:26', '2014-07-14 07:25:26', '1', '1', '1'),
(93, 4, '400-12345673', 1, '2014-07-14 07:25:25', '2014-07-14 07:25:25', '0', '1', '1'),
(92, 3, '400-12345672', 1, '2014-07-14 07:25:24', '2014-07-14 07:25:24', '11110', '1', '1'),
(91, 2, '400-12345671', 1, '2014-07-14 07:25:23', '2014-07-14 07:25:23', '11101', '1', '1'),
(90, 1, '400-12345670', 1, '2014-07-14 07:25:22', '2014-07-14 07:25:22', '11100', '1', '1'),
(89, 6, '400-12345675', 1, '2014-07-14 07:25:21', '2014-07-14 07:25:21', '11011', '1', '1'),
(88, 5, '400-12345674', 1, '2014-07-14 07:25:20', '2014-07-14 07:25:20', '11010', '1', '1'),
(87, 4, '400-12345673', 1, '2014-07-14 07:25:18', '2014-07-14 07:25:18', '11001', '1', '1'),
(86, 3, '400-12345672', 1, '2014-07-14 07:25:17', '2014-07-14 07:25:17', '11000', '1', '1'),
(85, 2, '400-12345671', 1, '2014-07-14 07:25:16', '2014-07-14 07:25:16', '10111', '1', '1'),
(84, 1, '400-12345670', 1, '2014-07-14 07:25:15', '2014-07-14 07:25:15', '10110', '1', '1'),
(83, 6, '400-12345675', 1, '2014-07-14 07:25:14', '2014-07-14 07:25:14', '10101', '1', '1'),
(82, 5, '400-12345674', 1, '2014-07-14 07:25:13', '2014-07-14 07:25:13', '10100', '1', '1'),
(81, 4, '400-12345673', 1, '2014-07-14 07:25:12', '2014-07-14 07:25:12', '10011', '1', '1'),
(80, 3, '400-12345672', 1, '2014-07-14 07:25:11', '2014-07-14 07:25:11', '10010', '1', '1'),
(79, 2, '400-12345671', 1, '2014-07-14 07:25:10', '2014-07-14 07:25:10', '10001', '1', '1'),
(78, 1, '400-12345670', 1, '2014-07-14 07:25:09', '2014-07-14 07:25:09', '10000', '1', '1'),
(77, 6, '400-12345675', 1, '2014-07-14 07:25:08', '2014-07-14 07:25:08', '1111', '1', '1'),
(76, 5, '400-12345674', 1, '2014-07-14 07:25:07', '2014-07-14 07:25:07', '1110', '1', '1'),
(75, 4, '400-12345673', 1, '2014-07-14 07:25:06', '2014-07-14 07:25:06', '1101', '1', '1'),
(74, 3, '400-12345672', 1, '2014-07-14 07:25:05', '2014-07-14 07:25:05', '1100', '1', '1'),
(73, 2, '400-12345671', 1, '2014-07-14 07:25:04', '2014-07-14 07:25:04', '1011', '1', '1'),
(72, 1, '400-12345670', 1, '2014-07-14 07:25:03', '2014-07-14 07:25:03', '1010', '1', '1'),
(71, 6, '400-12345675', 1, '2014-07-14 07:25:02', '2014-07-14 07:25:02', '1001', '1', '1'),
(70, 5, '400-12345674', 1, '2014-07-14 07:25:01', '2014-07-14 07:25:01', '1000', '1', '1'),
(69, 4, '400-12345673', 1, '2014-07-14 07:25:00', '2014-07-14 07:25:00', '111', '1', '1'),
(68, 3, '400-12345672', 1, '2014-07-14 07:24:59', '2014-07-14 07:24:59', '110', '1', '1'),
(67, 2, '400-12345671', 1, '2014-07-14 07:24:58', '2014-07-14 07:24:58', '101', '1', '1'),
(66, 1, '400-12345670', 1, '2014-07-14 07:24:57', '2014-07-14 07:24:57', '100', '1', '1'),
(65, 6, '400-12345675', 1, '2014-07-14 07:24:56', '2014-07-14 07:24:56', '11', '1', '1'),
(64, 5, '400-12345674', 1, '2014-07-14 07:24:55', '2014-07-14 07:24:55', '10', '1', '1'),
(63, 4, '400-12345673', 1, '2014-07-14 07:24:54', '2014-07-14 07:24:54', '1', '1', '1'),
(62, 3, '400-12345672', 1, '2014-07-14 07:24:53', '2014-07-14 07:24:53', '0', '1', '1'),
(61, 2, '400-12345671', 1, '2014-07-14 07:24:52', '2014-07-14 07:24:52', '11110', '1', '1'),
(60, 1, '400-12345670', 1, '2014-07-14 07:24:51', '2014-07-14 07:24:51', '11101', '1', '1'),
(59, 6, '400-12345675', 1, '2014-07-14 07:24:50', '2014-07-14 07:24:50', '11100', '1', '1'),
(58, 5, '400-12345674', 1, '2014-07-14 07:24:49', '2014-07-14 07:24:49', '11011', '1', '1'),
(57, 4, '400-12345673', 1, '2014-07-14 07:24:48', '2014-07-14 07:24:48', '11010', '1', '1'),
(56, 3, '400-12345672', 1, '2014-07-14 07:24:47', '2014-07-14 07:24:47', '11001', '1', '1'),
(55, 2, '400-12345671', 1, '2014-07-14 07:24:46', '2014-07-14 07:24:46', '11000', '1', '1'),
(54, 1, '400-12345670', 1, '2014-07-14 07:24:45', '2014-07-14 07:24:45', '10111', '1', '1'),
(53, 6, '400-12345675', 1, '2014-07-14 07:24:44', '2014-07-14 07:24:44', '10110', '1', '1'),
(52, 5, '400-12345674', 1, '2014-07-14 07:24:43', '2014-07-14 07:24:43', '10101', '1', '1'),
(51, 4, '400-12345673', 1, '2014-07-14 07:24:42', '2014-07-14 07:24:42', '10100', '1', '1'),
(50, 3, '400-12345672', 1, '2014-07-14 07:24:40', '2014-07-14 07:24:40', '10011', '1', '1'),
(49, 2, '400-12345671', 1, '2014-07-14 07:24:39', '2014-07-14 07:24:39', '10010', '1', '1'),
(48, 1, '400-12345670', 1, '2014-07-14 07:24:38', '2014-07-14 07:24:38', '10001', '1', '1'),
(47, 6, '400-12345675', 1, '2014-07-14 07:24:37', '2014-07-14 07:24:37', '10000', '1', '1'),
(46, 5, '400-12345674', 1, '2014-07-14 07:24:36', '2014-07-14 07:24:36', '1111', '1', '1'),
(45, 4, '400-12345673', 1, '2014-07-14 07:24:35', '2014-07-14 07:24:35', '1110', '1', '1'),
(44, 3, '400-12345672', 1, '2014-07-14 07:24:34', '2014-07-14 07:24:34', '1101', '1', '1'),
(43, 2, '400-12345671', 1, '2014-07-14 07:24:33', '2014-07-14 07:24:33', '1100', '1', '1'),
(42, 1, '400-12345670', 1, '2014-07-14 07:24:32', '2014-07-14 07:24:32', '1011', '1', '1'),
(41, 6, '400-12345675', 1, '2014-07-14 07:24:31', '2014-07-14 07:24:31', '1010', '1', '1'),
(40, 5, '400-12345674', 1, '2014-07-14 07:24:30', '2014-07-14 07:24:30', '1001', '1', '1'),
(39, 4, '400-12345673', 1, '2014-07-14 07:24:29', '2014-07-14 07:24:29', '1000', '1', '1'),
(38, 3, '400-12345672', 1, '2014-07-14 07:24:28', '2014-07-14 07:24:28', '111', '1', '1'),
(37, 2, '400-12345671', 1, '2014-07-14 07:24:27', '2014-07-14 07:24:27', '110', '1', '1'),
(36, 1, '400-12345670', 1, '2014-07-14 07:24:26', '2014-07-14 07:24:26', '101', '1', '1'),
(35, 6, '400-12345675', 1, '2014-07-14 07:24:25', '2014-07-14 07:24:25', '100', '1', '1'),
(34, 5, '400-12345674', 1, '2014-07-14 07:24:24', '2014-07-14 07:24:24', '11', '1', '1'),
(33, 4, '400-12345673', 1, '2014-07-14 07:24:23', '2014-07-14 07:24:23', '10', '1', '1'),
(32, 3, '400-12345672', 1, '2014-07-14 07:24:22', '2014-07-14 07:24:22', '1', '1', '1'),
(31, 2, '400-12345671', 1, '2014-07-14 07:24:21', '2014-07-14 07:24:21', '0', '1', '1'),
(30, 1, '400-12345670', 1, '2014-07-14 07:24:20', '2014-07-14 07:24:20', '11110', '1', '1'),
(29, 6, '400-12345675', 1, '2014-07-14 07:24:19', '2014-07-14 07:24:19', '11101', '1', '1'),
(28, 5, '400-12345674', 1, '2014-07-14 07:24:18', '2014-07-14 07:24:18', '11100', '1', '1'),
(27, 4, '400-12345673', 1, '2014-07-14 07:24:17', '2014-07-14 07:24:17', '11011', '1', '1'),
(26, 3, '400-12345672', 1, '2014-07-14 07:24:16', '2014-07-14 07:24:16', '11010', '1', '1'),
(25, 2, '400-12345671', 1, '2014-07-14 07:24:15', '2014-07-14 07:24:15', '11001', '1', '1'),
(24, 1, '400-12345670', 1, '2014-07-14 07:24:14', '2014-07-14 07:24:14', '11000', '1', '1'),
(23, 6, '400-12345675', 1, '2014-07-14 07:24:13', '2014-07-14 07:24:13', '10111', '1', '1'),
(22, 5, '400-12345674', 1, '2014-07-14 07:24:12', '2014-07-14 07:24:12', '10110', '1', '1'),
(21, 4, '400-12345673', 1, '2014-07-14 07:24:11', '2014-07-14 07:24:11', '10101', '1', '1'),
(20, 3, '400-12345672', 1, '2014-07-14 07:24:10', '2014-07-14 07:24:10', '10100', '1', '1'),
(19, 2, '400-12345671', 1, '2014-07-14 07:24:09', '2014-07-14 07:24:09', '10011', '1', '1'),
(18, 1, '400-12345670', 1, '2014-07-14 07:24:07', '2014-07-14 07:24:07', '10010', '1', '1'),
(17, 6, '400-12345675', 1, '2014-07-14 07:24:06', '2014-07-14 07:24:06', '10001', '1', '1'),
(16, 5, '400-12345674', 1, '2014-07-14 07:24:05', '2014-07-14 07:24:05', '10000', '1', '1'),
(15, 4, '400-12345673', 1, '2014-07-14 07:24:04', '2014-07-14 07:24:04', '1111', '1', '1'),
(14, 3, '400-12345672', 1, '2014-07-14 07:24:03', '2014-07-14 07:24:03', '1110', '1', '1'),
(13, 2, '400-12345671', 1, '2014-07-14 07:24:02', '2014-07-14 07:24:02', '1101', '1', '1'),
(12, 1, '400-12345670', 1, '2014-07-14 07:24:01', '2014-07-14 07:24:01', '1100', '1', '1'),
(11, 6, '400-12345675', 1, '2014-07-14 07:24:00', '2014-07-14 07:24:00', '1011', '1', '1'),
(10, 5, '400-12345674', 1, '2014-07-14 07:23:59', '2014-07-14 07:23:59', '1010', '1', '1'),
(9, 4, '400-12345673', 1, '2014-07-14 07:23:58', '2014-07-14 07:23:58', '1001', '1', '1'),
(8, 3, '400-12345672', 1, '2014-07-14 07:23:57', '2014-07-14 07:23:57', '1000', '1', '1'),
(7, 2, '400-12345671', 1, '2014-07-14 07:23:56', '2014-07-14 07:23:56', '111', '1', '1'),
(6, 1, '400-12345670', 1, '2014-07-14 07:23:55', '2014-07-14 07:23:55', '110', '1', '1'),
(5, 6, '400-12345675', 1, '2014-07-14 07:23:54', '2014-07-14 07:23:54', '101', '1', '1');

-- --------------------------------------------------------

--
-- Table structure for table `location`
--

CREATE TABLE IF NOT EXISTS `location` (
  `LocationID` int(11) NOT NULL,
  `LocationName` char(35) DEFAULT NULL,
  `LocationAltitude` float DEFAULT NULL,
  `LocationLatitude` float DEFAULT NULL,
  `LocationLongitude` float DEFAULT NULL,
  PRIMARY KEY (`LocationID`)
) ENGINE=MyISAM DEFAULT CHARSET=latin1;

--
-- Dumping data for table `location`
--

INSERT INTO `location` (`LocationID`, `LocationName`, `LocationAltitude`, `LocationLatitude`, `LocationLongitude`) VALUES
(1, 'Justice Akbar Mw', 0, 6.92374, 79.8496),
(2, 'Sri Uttarananda Mw, Colombo', 0, 6.92019, 79.849),
(3, 'Glennie St, Colombo', 0, 6.92512, 79.8492),
(4, 'Kovil St, Colombo', 0, 6.92819, 79.8599),
(5, 'Dematagoda Rd, Colombo', 0, 6.9309, 79.8763),
(6, 'Dr Danister de Silva Mw, Colombo', 0, 6.92694, 79.8779);

-- --------------------------------------------------------

--
-- Table structure for table `railgate`
--

CREATE TABLE IF NOT EXISTS `railgate` (
  `GateID` int(11) NOT NULL,
  `LocationID` int(11) NOT NULL,
  PRIMARY KEY (`GateID`),
  KEY `LocationID` (`LocationID`)
) ENGINE=MyISAM DEFAULT CHARSET=latin1;

--
-- Dumping data for table `railgate`
--

INSERT INTO `railgate` (`GateID`, `LocationID`) VALUES
(1, 1),
(2, 2),
(3, 3),
(4, 4),
(5, 5),
(6, 6);

/*!40101 SET CHARACTER_SET_CLIENT=@OLD_CHARACTER_SET_CLIENT */;
/*!40101 SET CHARACTER_SET_RESULTS=@OLD_CHARACTER_SET_RESULTS */;
/*!40101 SET COLLATION_CONNECTION=@OLD_COLLATION_CONNECTION */;
